date,Market_raw,Credit_raw,Capex_Supply_Manual_raw,Infra_Manual_raw,Adoption_raw,Sentiment_raw,Capex_Supply_raw,Infra_raw,Market,Credit,Capex_Supply,Infra,Adoption,Sentiment,AIBPS,AIBPS_RA
1980-06-30,98.80783315141088,10.58,,35.60793298691857,16.46475,-1.868110040414228,,35.60793298691857,,,,20.796730861902184,28.641271577166975,49.19383317836383,32.87727853914433,32.87727853914433
1980-07-31,106.39897715021948,11.07,,37.99415494087806,18.17925,-1.6072741136828763,,37.99415494087806,,,,53.09713788135419,81.50644713077521,61.36996333127033,65.32451611446658,49.10089732680545
1980-08-31,109.711491473468,11.64,,38.53750705301864,18.17925,-1.245001993222665,,38.53750705301864,,,,60.687390278421226,77.20207570754474,74.5309676967673,70.80681122757775,56.33620196039622
1980-09-30,112.9893757232046,12.02,,38.07903621793794,18.17925,-0.7812936790335944,,38.07903621793794,,,,52.71912286333773,74.32660957272654,82.947787834005,69.99784009002309,68.70972247735581
1980-10-31,115.42149876332088,12.31,,37.94389010179876,18.99725,-0.6871029277139397,,37.94389010179876,,,,49.39365728996458,84.12952265324763,80.9102864005254,71.4778221145792,70.76082447739334
1980-11-30,125.88831983195558,12.97,,38.41957039180447,18.99725,-0.5639304067574676,,38.41957039180447,,,,56.13989951363815,80.41049436131843,80.24289056813761,72.26442814769806,71.24669678410011
1980-12-31,122.00754165089332,13.21,,40.193839524159294,18.99725,-1.447874380680383,,40.193839524159294,,,,79.04237900439853,77.70126179750024,50.24915656784591,68.99759912324822,70.9132831285085
1981-01-31,117.88736988545604,12.81,,41.5939737342332,20.62425,-0.9479388544452912,,41.5939737342332,,,,89.16287133019173,89.58896095348682,68.62479453690847,82.45887560686234,74.57363429260288
1981-02-28,118.70252191627108,13.35,,39.82702225943332,20.62425,-1.2739837628594817,,39.82702225943332,,,,75.12047766524147,85.62865555708132,55.67234903154431,72.14049408462236,74.5323229382443
1981-03-31,124.53615159341156,13.33,,39.2166211809521,20.62425,-1.3029655324962988,,39.2166211809521,78.13593979635118,77.3780628639999,,67.01942963897754,82.6284972049538,54.28111051494683,71.88860800384585,75.49599256511017
1981-04-30,125.1668133639439,13.88,,37.87722378773493,18.1365,-0.8754844303532491,,37.87722378773493,77.10343176927663,83.16752733453254,,46.22086318815658,46.37255742331101,70.86570905426234,64.74601775390784,69.59170661412536
1981-05-31,127.15082646291252,14.32,,37.62790509622365,18.1365,-0.592912176394285,,37.62790509622365,77.81851923255861,85.38864065433954,,41.43499924035715,46.47595611074794,78.3367957307418,65.89098219374901,67.50853598383424
1981-06-30,124.16001702958144,13.75,,39.04250078453165,18.1365,-0.8247663334888203,,39.04250078453165,72.62877859714277,76.0402731758476,,62.89057480882069,46.57101771170362,69.71317625451788,65.5687641096065,65.40192135242113
1981-07-31,122.75942975974334,14.38,,39.86404162544007,20.46675,-0.7523119093967781,,39.86404162544007,69.69293656121778,82.64587365184252,,72.88452014049506,81.42476094014141,71.40720611279005,75.61105948129736,69.02360192821763
1981-08-31,114.28982780468525,14.89,,39.55786870757519,20.46675,-0.5277031947114464,,39.55786870757519,54.8709645898225,85.52657022344911,,67.73605653322174,79.67097030062591,77.38716175090143,73.03834467960415,71.40605609016934
1981-09-30,106.53541683729036,15.49,,38.29746295089432,20.46675,-0.8247663334888203,,38.29746295089432,40.42057634747289,87.78718811860186,,47.45907193452073,78.18138351742044,66.44379754248546,64.05840349210027,70.9026025510006
1981-10-31,113.73799454958451,15.4,,37.86101485440427,18.8605,-1.0276387209465383,,37.86101485440427,54.288427972008556,84.82303081664644,,39.76989824821417,53.97644544102354,57.78060331829463,58.12768115923747,65.07480977698063
1981-11-30,117.58628915346,14.22,,37.98131203427256,18.8605,-1.5927832288644677,,37.98131203427256,61.48952044712299,70.23386643410716,,41.41674630343595,53.891163532638295,33.34335827924716,52.07493099931032,58.08700521688269
1981-12-31,114.2125326954434,14.23,,40.158219512120446,18.8605,-1.4623652654987918,,40.158219512120446,54.69920714950792,69.73238965749941,,73.84654962992217,53.81113708531328,39.14437480091662,58.246731664631874,56.14978127439323
1982-01-31,110.96793554318754,15.18,,41.67577840482468,20.94375,-0.9769206240821086,,41.67577840482468,47.9898085258287,80.44312187718153,,86.19188370192107,82.20780722161355,60.94392408055144,71.55530908141925,60.62565724845382
1982-02-28,105.00533965640986,15.27,,39.6860698533736,20.94375,-1.3029655324962988,,39.6860698533736,36.04560488252841,80.05383838569557,,65.41429570826983,80.07848881406058,45.963762101749495,61.511197978460785,63.7710795748373
1982-03-31,103.33319047375456,14.58,,38.59474957768167,20.94375,-1.6290104409104889,,38.59474957768167,33.22642222832704,70.90065938037395,,49.78973735839117,78.11451267118447,30.290034650055553,52.46427325766644,61.843593439182165
1982-04-30,108.09287824656812,14.46,,37.05018098793056,21.585,-1.375419956588341,,37.05018098793056,43.102316811952626,68.68360269159626,,26.59720148972285,83.10252476420708,38.57109028480982,52.01134720845773,55.32893948152832
1982-05-31,104.19150488310947,14.26,,35.606398739955466,21.585,-1.2305111084042564,,35.606398739955466,35.226546381785546,65.3093979415908,,11.656041378025972,81.86727681583098,42.39224214826379,47.290300933099424,50.58864046640787
1982-06-30,100.95926912518348,14.81,,36.35231533681902,21.585,-1.3609290717699325,,36.35231533681902,29.475309453537378,72.71217331523036,,16.560430184639976,81.11826684017885,31.752482310046165,46.32373242072655,48.54179352076124
1982-07-31,98.63453405445588,14.61,,37.22220779554789,21.96575,-1.3826653989975448,,37.22220779554789,26.02689604280373,69.39473049528368,,27.25556212130321,83.05717804156754,29.26228016835759,46.999329373863155,46.87112090922971
1982-08-31,107.2767432673588,13.71,,37.176641028332384,21.96575,-1.3826653989975448,,37.176641028332384,43.44800125612498,54.7023101985584,,27.807078290364174,81.05904702047489,29.82339163490598,47.36796568008569,46.89700915822513
1982-09-30,110.74794394218236,12.94,,36.44358149679517,21.96575,-1.100093145038581,,36.44358149679517,51.30787365585275,41.33032960313607,,20.763485963488325,79.25833353567302,50.13424270953962,48.55885309353796,47.6420493824956
1982-10-31,124.29489905171933,12.12,,36.191530220962775,22.7505,-0.8030300062612068,,36.191530220962775,77.85214440492037,28.635312723476776,,19.904325734371827,84.84955876866758,71.40225110253759,56.528718546794835,50.81851244013949
1982-11-30,132.48505014531153,11.68,,36.96080337406384,22.7505,-0.8972207575808625,,36.96080337406384,86.67616483054542,23.391669499937322,,29.486711967875628,82.54312530246376,67.03522196152042,57.82657871246852,54.3047167842671
1982-12-31,133.440105726495,11.83,,37.66186896476336,22.7505,-0.9117116423992702,,37.66186896476336,86.20538415450629,25.975764228895088,,40.16576426470138,80.43665285254643,64.63018862293552,59.482750824716945,57.94601602799344
1983-01-31,140.40846014670623,11.79,,40.0770818117256,24.4215,-1.0203932785373335,,40.0770818117256,90.18002423680275,26.021608868057033,,76.75962268823105,89.70811420893025,56.523063365919576,67.83848667358814,61.715938736924535
1983-02-28,145.42563589205412,12.01,,38.04918007381236,24.4215,-0.716084697350757,,38.04918007381236,91.47709025080145,29.57501001443586,,47.869969437215886,86.92745026504541,75.89005708456982,66.34791541041369,64.55638430290627
1983-03-31,150.70311821025115,11.73,,38.103605480511405,24.4215,-0.2668672679800948,,38.103605480511405,92.35280123115174,26.141240998988994,,49.55303710662877,84.39629165829255,89.84398390522612,68.45747098005764,67.54795768801982
1983-04-30,162.60775511636575,11.51,,37.973166398700464,25.17025,0.3345044519838556,,37.973166398700464,94.72408486989382,23.871158444137862,,47.27639576523304,86.62268957890976,94.95725390966051,69.490316513567,68.09856763467944
1983-05-31,166.55817430476904,11.46,,36.774567701671366,25.17025,0.6388130331704333,,36.774567701671366,94.11450482868598,23.85992842491918,,29.233802917234524,84.7095420992647,94.46368877118078,65.27629340825703,67.74136030062722
1983-06-30,171.9394954909959,11.74,,37.35273413574867,25.17025,0.5591131666691872,,37.35273413574867,93.91992773477179,28.071800160774536,,38.86609168652145,83.10466386782352,90.62458350684548,66.91741339134735,67.22800777105714
1983-07-31,165.15812668391675,12.15,,40.153458862327184,23.17375,0.6025858211244122,,40.153458862327184,90.1888523435336,34.513333344717616,,80.24952768895342,62.9565030087891,88.3813926040189,71.25792179800253,67.81720953253564
1983-08-31,162.396784936563,12.51,,41.64630974753437,23.17375,0.4649224153495325,,41.64630974753437,87.7033557342827,40.62812996429066,,89.37868504987127,61.73445832061443,84.08848819799638,72.70662345341107,70.29398621425365
1983-09-30,164.43578774501665,12.37,,40.685552036755766,23.17375,0.3924679912574902,,40.685552036755766,87.4959047100191,38.37833882849138,,80.51854523538687,60.50673649061843,80.67124722442152,69.51415449778746,71.15956658306702
1983-10-31,156.50053979785213,12.25,,40.07867352793861,23.577,0.3489953368022642,,40.07867352793861,82.18399853874742,36.525304525059035,,72.97761647655892,64.02589134894761,77.8482233003601,66.71220683793462,69.64432826304437
1983-11-30,161.18619514534976,12.41,,40.66450166069309,23.577,0.4794133001679401,,40.66450166069309,84.08634138023855,39.40680168315161,,77.18663543195117,62.63278028315107,78.56436407718864,68.37538457113621,68.20058196895276
1983-12-31,158.35688774427246,12.57,,43.77490459643225,23.577,0.7040220148532716,,43.77490459643225,81.59025486367963,42.34250623676123,,92.14952595987145,61.255983126492865,80.71195769566962,71.61004557649497,68.89921232852193
1984-01-31,154.54741578110472,12.2,,45.997282310182456,25.54825,1.1315031169963203,,45.997282310182456,78.39815947632421,35.97742891537582,,94.59843404867301,84.79254251015213,84.84539032230609,75.72239105456626,71.90260706739916
1984-02-29,146.86360591087862,12.08,,43.9471098295514,25.54825,0.935876171947807,,43.9471098295514,71.99337586588067,34.14585998968257,,86.17970187339988,82.91948209752807,79.73255029366703,70.99419402403166,72.77554355169762
1984-03-31,147.23879944525672,12.57,,43.60060387423798,25.54825,1.1967120986791588,,43.60060387423798,71.95386818729035,42.94216840361597,,82.31968798408099,81.31570778613691,82.03154977882794,72.11259642799044,72.94306050219613
1984-04-30,146.58739176197687,12.81,,42.542147524163205,25.641,0.8416854206281513,,42.542147524163205,71.06288736836517,47.48880511106227,,74.59687777466199,80.45009328672464,73.96954073992661,69.51364085614814,70.87347710272341
1984-05-31,137.9072465570444,13.28,,42.12864674974607,25.641,0.9865942688122358,,42.12864674974607,62.759376590529726,56.419369089607706,,70.31831854303033,78.78755747929225,75.2369741753973,68.70431917557146,70.11018548657002
1984-06-30,141.17041275002094,13.55,,42.723117151434735,25.641,0.7982127661729264,,42.723117151434735,65.77606127034657,61.35919670898197,,72.80934972761081,77.33696693818143,69.68055923476152,69.39242677597647,69.20346226923202
1984-07-31,136.9909702974497,13.44,,43.133055398681314,25.653,0.8779126326741724,,43.133055398681314,61.48235699249063,59.20869119258543,,73.84143338488111,75.98667461769467,70.2588454936267,68.15560033625572,68.75078209593455
1984-08-31,151.71686226000034,12.87,,43.70929773063673,25.653,1.0590486929042782,,43.70929773063673,74.77033771807112,48.10542853691667,,75.73309500602083,74.66365851987867,73.5286314681003,69.36023024979751,68.96941912067656
1984-09-30,150.00998030938274,12.66,,42.50138494200437,25.653,1.189466656269955,,42.50138494200437,72.99697611113977,44.01473000750612,,65.78905521043693,73.57541553831457,75.4335622664452,66.36194782676853,67.95925947094058
1984-10-31,149.09678556806458,12.63,,41.88823692433021,25.4255,0.85617630544656,,41.88823692433021,71.89412619282939,43.48207932844049,,59.12920433845682,68.07552417067065,64.60057290635264,61.43630138735,65.71949315463867
1984-11-30,146.5755044050602,12.29,,42.68364646243951,25.4255,0.812703650991335,,42.68364646243951,69.37840918844373,37.021582720319905,,64.79009539058758,66.70586891103375,61.668789769903064,59.9129491960576,62.57039947005871
1984-12-31,149.6313823964963,12.13,,43.93258088979735,25.4255,0.6098312635336169,,43.93258088979735,71.83046816006102,34.21790525617257,,73.6461245332474,65.38940914845135,51.538487040365624,59.32447882765959,60.224576470355736
1985-01-31,164.8261388373725,12.08,,46.99650636602232,27.48325,0.4748388411095393,,46.99650636602232,82.34437005881865,32.76234623742471,,87.82817026302506,91.20140984449992,40.81305075877516,66.98986943250871,62.075765818741964
1985-02-28,167.20515978757828,12.13,,47.102403376600805,27.48325,0.1156163891183264,,47.102403376600805,82.95908828598189,33.790765398501165,,85.92007204808849,88.25092028805277,17.017914970955733,61.587752198316004,62.63403348616143
1985-03-31,165.43181902702165,12.56,,44.330146886435344,27.48325,0.2542794996776572,,44.330146886435344,81.31146653095087,42.297296923388195,,67.74158777809296,85.561124115875,19.02846435232176,59.18798794012576,62.588536523650156
1985-04-30,165.50105808778352,12.23,,43.43321731960197,27.5785,0.1881310748645155,,43.43321731960197,80.76677141570181,35.72241892559704,,58.46523290099843,84.03177333096085,16.811386728748353,55.159516660401295,58.645085599614355
1985-05-31,172.91124963727282,11.72,,42.87097292204926,27.5785,0.2685445852074595,,42.87097292204926,84.59253113971691,26.220051003520695,,50.488868734285845,81.81529415845387,22.323334358378336,53.08801587887113,55.811840159799395
1985-06-30,175.58785924074996,10.94,,43.40750687791467,27.5785,0.5717978561879508,,43.40750687791467,85.25244222813771,15.294642830583062,,54.40206321751519,79.77842397871463,42.22637180711375,55.39078881241287,54.54610711722844
1985-07-31,176.75703213158525,10.97,,44.71511579731303,28.554,0.4316241530078467,,44.71511579731303,84.97924856720886,15.69858787986238,,69.32848080048261,86.1298469720512,32.8197561379852,57.79118407151805,55.42332958760068
1985-08-31,174.64123593610907,11.05,,44.838099116919054,28.554,0.3606498851413619,,44.838099116919054,82.90081783707457,16.986321942014346,,69.28100619489116,84.26457153141632,28.69689237327091,56.42592197573346,56.53596495322146
1985-09-30,166.39377569769275,11.07,,44.49548339164197,28.554,0.3498075174546354,,44.49548339164197,76.56733479754497,17.759916879904697,,63.555836398007884,82.70777066201528,28.232274564060877,53.764626660306746,55.99391090251942
1985-10-31,149.03667511809735,11.02,,43.696361170006256,27.90125,0.1029928306113821,,43.696361170006256,60.363222097923895,17.828729049323748,,49.723391488162,74.32354768846876,17.08042088292753,43.86386224136118,51.35147029246713
1985-11-30,160.12734624746983,10.55,,44.0803646010696,27.90125,0.2565151363843411,,44.0803646010696,70.4866690673678,13.926445583283217,,54.131226715100354,73.20289686599052,25.24627726371224,47.398703099090824,48.342397333586256
1985-12-31,166.83335380372208,10.16,,47.46167729542166,27.90125,0.4831951344108942,,47.46167729542166,75.39453031805884,11.764973657560777,,90.33543151032923,72.41032936514156,39.71112911119631,57.92327879245734,49.72861471096979
1986-01-31,169.4074623549131,10.05,,48.43891466610684,29.67225,0.7836728428425197,,48.43891466610684,76.63848756104768,12.008420712578612,,92.24073291661544,88.92157024422573,62.005556502296386,66.36295358735278,57.22831182630031
1986-02-28,180.87711799254228,9.67,,46.994246038214726,29.67225,0.8317583171529026,,46.994246038214726,83.30769584663587,10.538871462483208,,81.68073135827879,86.301594165143,65.71518376450321,65.50881531940881,63.26501589973964
1986-03-31,189.9423038705285,9.0,,45.35754266569035,29.67225,0.8104669977604828,,45.35754266569035,86.87598000190602,8.093352180148052,,63.76106426382315,83.92747511958531,66.29334020630489,61.79024235435348,64.55400375370502
1986-04-30,192.4533973539966,8.79,,44.65889851649712,29.34675,0.7467980862165747,,44.65889851649712,86.9291672221031,8.319835446153608,,53.57366348243335,78.74611050784192,62.050783770083115,57.92391208572302,61.74098991982843
1986-05-31,201.79232754097904,9.09,,44.54191750188853,29.34675,0.5094190816561069,,44.54191750188853,89.43442045239223,10.978749570452365,,50.6046644907547,76.92571415165537,44.79564760866154,54.54783925478324,58.08733123161991
1986-06-30,203.74626638939063,9.13,,45.63137139337898,29.34675,0.5658240211340771,,45.63137139337898,88.98850474817664,12.315450269833413,,64.27138936441841,75.23761856656171,50.23953571815439,58.210499733428925,56.89408369131173
1986-07-31,187.25117093342087,8.88,,47.56300269896891,29.07725,0.609021052472338,,47.56300269896891,80.60061309550933,11.81145307249018,,82.34518139805999,70.2024597457011,54.897023771981026,59.97134621674832,57.57656173498683
1986-08-31,196.5485054732925,8.72,,46.85484827002104,29.07725,0.4594976708227258,,46.85484827002104,84.47885253433785,11.792356959539525,,74.13450705768031,68.77688733703758,43.825333251650214,56.6015874280491,58.261144459408776
1986-09-30,179.5026239371812,8.89,,46.15722028189983,29.07725,0.3978366399877658,,46.15722028189983,74.00245921849759,13.54482172126286,,64.71731930923652,67.41148344261684,39.81546962704614,51.89831066373199,56.157081436176476
1986-10-31,187.29680522645404,8.86,,45.62399175484511,28.67475,0.3159383554942795,,45.62399175484511,78.39393970627752,14.008010121430004,,55.809589080407086,58.644140564478164,33.153946461352696,48.001925186789094,52.16727442619006
1986-11-30,189.57826354513327,8.68,,46.07122445690712,28.67475,0.2007515236181319,,46.07122445690712,79.02841688445197,13.73009377731376,,60.95911562461691,56.76981197605573,24.30228097337321,46.95794384716232,48.952726565894466
1986-12-31,183.4077571775817,8.49,,48.45970954905777,28.67475,0.0537058363378832,,48.45970954905777,74.40346216953644,13.42478488708557,,85.47871008975535,54.423882024416294,16.43570266583476,48.83330836732569,47.93105913375903
1987-01-31,208.94251848839812,8.36,,49.56579832857149,30.256,0.2392164710780738,,49.56579832857149,87.31880512350197,13.285540200935838,,89.63432161153709,87.52738651997038,31.950139136725465,61.943238518534145,52.57816357767405
1987-02-28,223.317504096132,8.38,,48.80020778183689,30.256,0.0954207624716685,,48.80020778183689,91.20580738896889,14.016927318006026,,83.37904025256894,85.30449485054777,20.233808125667714,58.82801558715187,56.534854157670566
1987-03-31,227.50807624738013,8.36,,47.888905227062025,30.256,0.2533978047715174,,47.888905227062025,91.49086827927468,14.629740964825771,,73.87443444607219,83.34304671424486,33.47258852731454,59.362135786346414,60.044463297344144
1987-04-30,223.648784993348,8.85,,46.93749915363622,31.428000000000004,0.2076631876936719,,46.93749915363622,89.53344767355632,19.117653941818194,,61.8198494314097,92.43003480085409,29.077073814563835,58.39561193244043,58.86192110197957
1987-05-31,225.026232014724,9.33,,46.74514921933773,31.428000000000004,0.137476880995335,,46.74514921933773,89.24840377206165,24.33492489426204,,57.72643880672518,89.89795980426753,24.089897963017556,57.05952504806679,58.272424255617885
1987-06-30,230.91038034735288,9.32,,48.16025385988084,31.428000000000004,0.2689969378704995,,48.16025385988084,90.38917564212606,24.66324288213142,,74.19562065941615,87.65274129238443,36.88720323290514,62.75759674179264,59.40424457409995
1987-07-31,239.34523225461464,9.42,,49.59131496537799,30.929,0.1927641103033442,,49.59131496537799,91.99561728677857,26.23381166090038,,84.71411208978729,79.43763889029968,30.820024239813804,62.640240833515946,60.81912087445846
1987-08-31,250.55756528999515,9.67,,50.11953152512135,30.929,-0.1136444715254896,,50.11953152512135,93.56503310579552,29.89043914801754,,85.68254187439305,77.48121136461153,13.553780214135354,60.0346011413906,61.810812905566394
1987-09-30,244.85056607806143,10.18,,48.29771252021894,30.929,-0.0990003798629803,,48.29771252021894,91.49197777034682,37.519445604199156,,67.50168057026812,75.65502125593856,16.544603273944823,57.74254569493951,60.13912922328202
1987-10-31,183.4628126214965,10.52,,47.702543562734334,31.9865,0.4256210349069089,,47.702543562734334,57.75755395755052,43.05961536985631,,58.2113844630149,86.70416153462264,56.06267835995321,60.359078736999514,59.37874185777654
1987-11-30,169.72138590614625,10.01,,48.21744045991254,31.9865,0.3254539782472525,,48.21744045991254,45.57379383123937,35.790318052827246,,64.1512261754162,84.81997367425063,46.56783141709555,55.38062863016581,57.827417687368275
1987-12-31,185.3551826499413,10.11,,50.20954670063757,31.9865,0.2494483258149097,,50.20954670063757,58.370840625733024,37.67681139970521,,84.39570245343022,83.25463287836753,40.52639651321485,60.84487677409017,58.861528047085166
1988-01-31,192.0297861328911,9.88,,52.96819105922545,33.74825,0.3527550821462464,,52.96819105922545,63.368959893691134,34.786472302053284,,93.64487935945971,92.7039217068883,51.76502595554624,67.25385184352774,61.15978574926124
1988-02-29,203.66388570051456,9.4,,52.42164312433151,33.74825,0.2244645594279531,,52.42164312433151,71.69759980054044,28.85282301216926,,88.79494151246773,89.6362840189713,40.891736156422105,63.97467690011416,64.02446850591069
1988-03-31,202.80160239228164,9.39,,50.925194488561246,33.74825,0.211727820194161,,50.925194488561246,70.45578157713555,29.30210929704161,,78.17027343537004,86.82485196936923,41.22187363714646,61.19497798321259,64.1411689089515
1988-04-30,205.22982151440195,9.67,,49.3732176061788,33.8345,0.1791413296681027,,49.3732176061788,71.6261686682822,33.54285775793432,,62.6007210414318,84.85005768747612,38.89549262559049,58.303059556143,61.15757147982325
1988-05-31,202.89479170662267,9.9,,48.86519397820081,33.8345,0.1251948545848834,,48.86519397820081,69.38713845438042,37.22288157201763,,55.093524620376435,82.51053851500514,33.53773528777151,55.55036368991022,58.34946707642194
1988-06-30,215.7603077369224,9.86,,50.49418330600224,33.8345,0.0545740039616577,,50.49418330600224,77.40987114397112,37.08315760244614,,72.30042259316556,80.36987708051058,26.431950747148576,58.7190558334484,57.524159693167206
1988-07-31,211.532938869568,9.96,,52.24890958834214,33.9285,-0.040960226543202,,52.24890958834214,74.06940642028401,39.046447839165566,,84.21427778857206,79.20796273910995,17.325387374349305,58.77269643229617,57.680705318551595
1988-08-31,203.3278889485109,10.11,,53.564800224279885,33.9285,0.2616352281717529,,53.564800224279885,67.71704752692374,41.849464659257016,,88.28402814079006,77.41452649738943,62.61580332923376,67.5761740307188,61.689308765487795
1988-09-30,211.0651345579092,9.82,,50.694612194303865,33.9285,0.1990044817050495,,50.694612194303865,72.6460387897065,37.960863739772066,,65.57682076315452,75.76815011078018,53.5070571077499,61.09178610223263,62.48021885508253
1988-10-31,210.73148954325765,9.51,,50.08366745552106,33.90475000000001,0.1639048870184399,,50.08366745552106,71.78151244313217,33.949733579488765,,57.15557456046147,74.20966425561879,48.14507368234791,57.04831170420982,61.90542394572043
1988-11-30,205.3108454940601,9.45,,50.43340200619976,33.90475000000001,0.2475501644933878,,50.43340200619976,67.30898907864244,33.66098847620762,,59.898811940485416,73.11687729729928,63.2274491925227,59.442623197031494,59.19424033449132
1988-12-31,210.8989678068833,9.57,,52.68591285986909,33.90475000000001,0.0572040551289257,,52.68591285986909,70.77890118203959,36.009671902188536,,81.35288700820273,72.37182006752234,29.011868942668638,57.90502982052437,58.13198824058856
1989-01-31,223.38187602125893,9.62,,53.2023006792079,37.63075,0.331518732897109,,53.2023006792079,78.06841541561434,37.3257922478572,,82.77103325953902,94.31166885311735,75.37712319951387,73.57080659512836,63.6394865375614
1989-02-28,219.7645491427147,9.64,,53.75726608231068,37.63075,0.0279445726930828,,53.75726608231068,75.20954815291472,38.177127770947486,,83.82155905908914,91.58266523072992,25.40859952067327,62.8398999468709,64.77191212084121
1989-03-31,223.56234739550325,9.8,,53.43653443599327,37.63075,0.1183465931416166,,53.43653443599327,76.89070945982265,41.354703586604,,79.65808767528928,89.10260697910502,40.523206810621936,65.50586290228858,67.30552314809594
1989-04-30,236.3963661136814,9.79,,50.83802496184746,37.7705,0.1395450790688269,,50.83802496184746,83.05278910404806,41.82872403004494,,52.58401943058155,87.06587825359524,44.78578481013152,61.86343912568026,63.40306732494658
1989-05-31,247.4690149326556,9.57,,50.57931919362983,37.7705,-0.1110397081921153,,50.57931919362983,87.01827496780191,38.72512039010004,,47.236460139628754,84.62168972342376,14.111059767038006,54.34252099759849,60.57060767518911
1989-06-30,241.60614822922125,9.1,,51.71051876426452,37.7705,-0.0407102444847173,,51.71051876426452,83.87080471760683,31.27539689363685,,60.661778953900914,82.40581728920617,22.794302513194747,56.201620073509105,57.469193398929285
1989-07-31,256.4204846635435,8.93,,53.37980340876629,38.01975,-0.0981225671503017,,53.37980340876629,88.9147718881008,28.764258180222008,,77.6699276231683,81.97045942243865,19.050807718422604,59.27404496647048,56.606062012526024
1989-08-31,263.41396635273446,8.96,,53.870085539497104,38.01975,-0.0661911891775508,,53.870085539497104,90.077260540282,29.64391370552298,,79.81384971449128,80.24709473977455,21.71027218156332,60.29847817632683,58.59138107210214
1989-09-30,264.75000566638306,9.01,,52.21964632204342,38.01975,0.1063815602432629,,52.21964632204342,89.52824244118538,30.94703624620449,,60.98410640450709,78.7581675514391,43.79759896169009,60.80303032100524,60.125184487934185
1989-10-31,257.5286069664993,8.92,,51.437064791692805,37.777,0.0446936445251131,,51.437064791692805,86.27363980313771,29.61445754910314,,47.99957507268506,75.25858479678107,35.34808814755015,54.89886907385143,58.66679252372783
1989-11-30,259.80377013358446,8.89,,52.39170349261974,37.777,0.1071331337413775,,52.39170349261974,86.38677941670646,29.435649320686068,,60.8905305003412,73.77638922560567,47.81953355279383,59.661776403226646,58.4545585993611
1989-12-31,261.5234173737545,8.86,,57.4455046494341,37.777,0.0847044736470947,,57.4455046494341,86.27210351424014,29.2375095849511,,94.98029989309504,72.43733787147599,44.74653963709944,65.53475810017234,60.0318011924168
1990-01-31,240.0651778489579,8.99,,56.27707445356779,41.321,0.3338547167418346,,56.27707445356779,75.06767693389637,32.413214181401706,,88.32302556047395,90.8413593440267,85.36766364274267,74.40258793250828,66.53304081196909
1990-02-28,244.67114797218423,9.22,,54.27438641334115,41.321,0.0218131963599496,,54.27438641334115,77.07941231103135,38.439650151198,,72.60472273586788,88.0889394792637,34.43946625283723,62.13043818603964,67.35592807290676
1990-03-31,250.5302627168849,9.37,,53.559999961783774,41.321,-0.0613469718589157,,53.559999961783774,79.56801029127318,43.234256709013955,,64.04679876893998,85.59442966319256,23.193019436677588,59.127302973819454,65.22010969745578
1990-04-30,242.57206200363055,9.46,,51.81633942852758,41.2925,-0.0740269542686186,,51.81633942852758,74.35649442877263,47.05565265160857,,41.783226622727355,83.19202071476445,23.367726348796577,53.95102415333391,58.402921771064335
1990-05-31,268.2299472161015,9.47,,51.56587401478672,41.2925,0.0432889869255545,,51.56587401478672,86.19445018866755,48.52968996438736,,36.43748643365456,81.14145723142697,43.53108678275655,59.166834120178606,57.415053749110655
1990-06-30,268.6395049366281,9.26,,53.14164827926347,41.2925,-0.0826025690076477,,53.14164827926347,85.40816058576374,41.71801271940338,,56.30030293094978,79.28314067797953,24.058221275804566,57.3535676379802,56.823808637164234
1990-07-31,258.77557578086845,9.24,,53.98144980462013,41.06575,0.1050190153560222,,53.98144980462013,80.21255131013424,41.68951521277416,,66.37088095146339,76.20901140985147,55.19907818408828,63.93620741366231,60.1522030572737
1990-08-31,228.6280676046025,9.41,,54.28618952163891,41.06575,0.4310613923783542,,54.28618952163891,60.20157720185155,49.31466875511562,,69.51106208024738,74.7138722794071,91.47653303284807,69.04354266989394,63.444439240512146
1990-09-30,211.46417908203816,9.56,,53.52798645347753,41.06575,0.4175114628808122,,53.52798645347753,45.779540420863555,57.00866477770641,,58.65960698352832,73.3795854741769,88.37872863661373,64.64122525857778,65.87365844737802
1990-10-31,206.53731256139213,9.53,,51.28266052692864,40.0285,0.1281392721842845,,51.28266052692864,40.61051956062428,57.31391326390597,,27.019543378990303,62.86385898709225,55.63007576155835,48.687582190434235,60.790783372968654
1990-11-30,223.67568404386512,9.3,,51.16392145576621,40.0285,-0.147107673251786,,51.16392145576621,54.527345364120016,47.20654970880652,,24.80466569370196,61.42373743701791,20.271829432837873,41.64682552729686,51.65854432543629
1990-12-31,231.33571803746236,9.05,,53.52614317576212,40.0285,-0.0447870955577668,,53.52614317576212,60.57186853012687,35.69329662152719,,57.48532473649979,59.972901565988444,33.0372483269008,49.35212795620862,46.562178557979905
1991-01-31,252.8709806418753,9.04,,55.41602919915435,43.063500000000005,0.0290208473911305,,55.41602919915435,76.71520606673731,35.80477519710956,,79.14006220448819,87.73065885338045,45.20478874041294,64.91909821242568,51.97268389864373
1991-02-28,272.75029257334535,8.83,,52.85008873635044,43.063500000000005,-0.2938902710912298,,52.85008873635044,86.52898213248918,27.126827439827455,,46.622681692699594,85.26214524953745,12.079315212287273,51.52399034536819,55.26507217133417
1991-03-31,285.4166401407429,8.93,,52.08171770453739,43.063500000000005,-0.0664745852641842,,52.08171770453739,90.04044457580986,31.497391895882092,,36.663486442862485,83.0306874230925,35.273917591430006,55.3011855858154,57.24809138120309
1991-04-30,285.5895791989184,8.86,,50.78611567516511,44.4835,-0.209314576385378,,50.78611567516511,89.02122188290194,28.36104800521283,,21.528376360340136,88.46684193866724,21.232772090185627,49.72205205546157,52.182409328881725
1991-05-31,298.6578526673018,8.86,,52.01435272089225,44.4835,-0.4856058408058112,,52.01435272089225,91.5502087659015,28.625941334758444,,34.480140942653335,86.0296902671105,8.197042796096195,49.776604821304005,51.59994748752698
1991-06-30,279.82494744772674,9.01,,53.57317746574378,44.4835,-0.2153392060338684,,53.57317746574378,84.2642604513591,35.46664783788677,,56.239565398638725,83.84372166426898,26.272212155593916,57.21728150154951,52.23864612610502
1991-07-31,295.2534908918864,9.0,,54.95997559821377,43.76875,-0.4169338629791584,,54.95997559821377,88.86764954168828,34.85835901994022,,73.69265299646293,77.15741167323586,14.245388929309193,57.7642924321273,54.919392918326935
1991-08-31,306.752065687026,8.75,,54.58869251816827,43.76875,-0.4215451025609793,,54.58869251816827,90.87952553996695,24.150062148474564,,68.63429182394803,75.54582030165761,16.227261589951166,55.08739228079967,56.68965540482549
1991-09-30,304.8265392377068,8.61,,53.195480731411,43.76875,-0.219246373839426,,53.195480731411,89.44616436565572,19.641254562834646,,48.485807201505004,74.07839728549857,32.35188845548328,52.800702374195446,55.217462362374135
1991-10-31,310.9192357935842,8.55,,52.08963574969414,43.512,-0.4302054088897931,,52.08963574969414,90.04221955100363,18.217228850520826,,32.211644061108274,70.39753069424253,18.866056418804362,45.94693591513593,51.27834352337701
1991-11-30,299.7293615517313,8.48,,53.194511049271455,43.512,-0.3196309402638501,,53.194511049271455,85.76205847446647,16.51318670028104,,47.518299702385406,69.37872673690548,28.057812540806726,49.44601683096902,49.397885040100135
1991-12-31,338.1191607456058,8.31,,54.39017207641638,43.512,-0.2596027776191698,,54.39017207641638,93.79357351720846,12.632686501070122,,69.32741912353615,68.7412822470174,34.28811636996034,55.7566155517585,50.38318943262115
1992-01-31,344.82597722842735,8.2,,56.14790891011826,46.315,-0.5787975266313653,,56.14790891011826,93.56380836443431,10.681026302864986,,88.82575178351019,90.23056964730641,14.94192489447694,59.64861619851857,54.9504161937487
1992-02-29,350.8868149313089,8.29,,55.01328785961944,46.315,-0.4651927839167398,,55.01328785961944,93.19524613718968,12.633030415489305,,77.18860462891354,87.39239181297872,23.349448656249518,58.75174433016416,58.05232536014707
1992-03-31,335.54556481830934,8.35,,53.56164397013925,46.315,-0.5513126279690338,,53.56164397013925,89.18926563090388,13.997356315562204,,55.27393958391453,84.80979036616804,20.13232210254179,52.6805347998181,57.026965109500274
1992-04-30,329.27821640506687,8.33,,53.43504111247474,45.146,-0.5805783851627994,,53.43504111247474,86.59283577302125,14.224939307193349,,51.9716337610555,73.7530748334997,20.55520773857343,49.41953828266865,53.61727247088363
1992-05-31,332.9074396037136,8.28,,52.5569274478823,45.146,-0.5423343069887266,,52.5569274478823,86.47422828873539,14.114762110297574,,35.6505967157137,72.12181299647321,24.63539167550233,46.599358357344435,49.566477146610396
1992-06-30,322.2683560795934,8.22,,53.26804526348136,45.146,-0.3575331153807362,,53.26804526348136,82.50175697196231,13.847143158288908,,48.129162158055216,70.55988269271923,39.10709204571977,50.82900740534909,48.94930134845405
1992-07-31,333.3011479991221,8.07,,55.11334071663999,45.2615,-0.4674908213927911,,55.11334071663999,84.75947468007978,12.051491153669572,,76.91638765026192,70.22614134600494,32.023519099021044,55.19540278580745,50.87458951616699
1992-08-31,323.32060441797245,7.95,,54.82259166040171,45.2615,-0.4962314933354716,,54.82259166040171,80.9669908788461,11.145650281579515,,72.48474503391495,68.74292633723486,30.529816043317943,52.77402571497868,52.93281196871174
1992-09-30,332.59335051286695,7.92,,54.08306516278979,45.2615,-0.3987507403911339,,54.08306516278979,82.90155203789185,11.534172750660348,,60.64760255927604,67.29928246363428,40.880587471673394,52.65263945662719,53.540689319137776
1992-10-31,341.9731763038778,7.99,,54.28158079880535,44.91125,-0.2892588038851933,,54.28158079880535,84.66065347802427,13.242254149761306,,62.443772924139616,61.48176726862877,57.637632681893336,55.89321610048946,53.77329375736511
1992-11-30,361.7678160098429,8.1,,55.54422248437979,44.91125,-0.2795938495828693,,55.54422248437979,88.44559955861251,16.3061161171388,,79.34516494975074,59.99829872807444,60.001200203908745,60.81927591149705,56.45504382287123
1992-12-31,370.6949273382872,7.98,,58.576975657864764,44.91125,-0.2453589699460414,,58.576975657864764,89.23821384358578,14.490694995809882,,94.27286514462008,58.56308287024293,66.871011083447,64.68717358754114,60.46655519984255
1993-01-31,378.5819600676975,7.91,,58.93602769867099,46.59875,-0.3236255363084988,,58.93602769867099,89.66843083618899,13.995188280811377,,92.53622888470676,85.8235497728008,58.6959185085811,68.1438632566178,64.55010425188533
1993-02-28,369.0500725115196,7.71,,58.62802854380919,46.59875,-0.2331120746024508,,58.62802854380919,86.83565807359001,11.593537719605232,,88.4052524213171,83.87105605513476,72.78107313777643,68.69731548148471,67.17611744188122
1993-03-31,377.8503710718071,7.58,,57.58368221481864,46.59875,-0.2672215322394172,,57.58368221481864,87.6738082006939,10.781596172948623,,80.18138004064951,82.1948949347212,70.78581358525011,66.32349858685266,67.72155910831839
1993-04-30,362.9603393877822,7.46,,55.70249448243885,47.112,-0.3657706018137495,,55.70249448243885,83.44288979052784,10.229641342048208,,61.14199148698055,85.59744379271062,53.76855324976329,58.836103932406104,64.61897266691449
1993-05-31,382.0698187085745,7.43,,54.33321234453848,47.112,-0.2756380650143623,,54.33321234453848,86.88607728136267,10.803278243896676,,42.60160750368026,83.14230218702787,69.73883748980478,58.63442054115445,61.26467435347107
1993-06-30,382.3009147853648,7.33,,56.45253353703092,47.112,-0.3992190564797416,,56.45253353703092,85.97045006777812,10.470165024132497,,67.99792912278681,80.89592207866505,46.381893136386765,58.34327188594985,58.604598786503466
1993-07-31,377.9271999420344,7.17,,59.17993618155928,48.1655,-0.5461253801907912,,59.17993618155928,84.1080979389779,9.477765057951256,,87.14017837446808,88.22471721377538,20.89921581841993,57.96999488071851,58.31589576927427
1993-08-31,396.0033858119386,6.85,,59.294676787029,48.1655,-0.6145581152949052,,59.294676787029,87.07694053737492,7.217678160206701,,85.11494880118909,85.86314802722073,15.246021673628626,56.103747439924014,57.472338068864126
1993-09-30,401.6659688236008,6.66,,57.24537791919817,48.1655,-0.5469728807404491,,57.24537791919817,87.2163512576024,6.765594097692674,,68.1297870420919,83.75689996025784,25.034685678829742,54.18066360729491,56.08480197597914
1993-10-31,410.0479768630259,6.67,,56.87545681808841,48.07875,-0.6529505915036115,,56.87545681808841,87.80447260838822,8.021943532163018,,62.95295868688321,81.28260808447187,14.958142693286188,51.00402512103851,53.76281205608581
1993-11-30,401.9396441944523,6.93,,58.16308942857174,48.07875,-0.5850056698682995,,58.16308942857174,85.40381771184992,11.833501484101273,,74.1340108744727,79.971822809435,24.395542142174246,55.14773900440663,53.44414257758002
1993-12-31,411.2437889616455,6.93,,60.65119160720712,48.07875,-0.5600070904829643,,60.65119160720712,86.38854863380874,12.83342790011992,,87.58383082769613,79.04835922085508,29.452868905180686,59.06140709753211,55.07105707432575
1994-01-31,425.0829044674478,6.92,,64.10953678424593,49.40375,-0.4416431124464042,,64.10953678424593,87.91489044176302,13.649783547997338,,93.81091357800335,88.7710640681384,49.09564596694154,66.64845952056874,60.28586854083583
1994-02-28,418.69006582953216,7.08,,62.19153176532669,49.40375,-0.1747007422300321,,62.19153176532669,85.85402361953635,16.844933295136254,,85.66987291800157,86.0630248813132,85.41263433893224,71.96889781058393,65.89292147622825
1994-03-31,393.9126712643503,7.48,,59.91607222733893,49.40375,-0.0174523391722862,,59.91607222733893,79.46807550854626,24.994554334049834,,71.98874816707189,83.59786137350602,91.58353321044326,70.32655451872344,69.64797061662536
1994-04-30,390.6282192228971,7.88,,58.30719478722544,49.368,-0.1979036277895992,,58.30719478722544,77.84597893451664,35.35823147298387,,58.49366467003212,81.13604602046867,76.23680402803721,65.81414502520771,69.36986578483835
1994-05-31,394.15507551397377,7.99,,57.8294562926679,49.368,-0.2537324151834363,,57.8294562926679,78.06352111655876,39.00702993733429,,52.65215629687761,79.1702482389506,67.97987585762874,63.37456628947,66.50508861113371
1994-06-30,379.2058982126656,7.97,,60.79324103586045,49.368,-0.2340286510092102,,60.79324103586045,72.9728132510108,38.915985290268324,,75.62380614206796,77.36475491087734,69.64502609088653,66.9044771370222,65.36439615056663
1994-07-31,389.4753856362889,8.11,,61.83173194814094,48.8195,-0.5094734601653328,,61.83173194814094,75.44251989719301,43.44522221731957,,80.1607941733024,69.44838068767068,30.124481854855205,59.72427976606817,63.33444106418679
1994-08-31,411.469698627825,8.07,,61.34912693513961,48.8195,-0.3540660320725418,,61.34912693513961,80.62326954494982,42.65386248344177,,75.39290660586158,67.9953457012132,51.72409200549527,63.67789526819233,63.43555072376089
1994-09-30,406.2949752525832,8.34,,59.81358961853389,48.8195,-0.270171737635172,,59.81358961853389,78.50166681710787,51.28933548772019,,61.570402707259575,66.57808357976963,63.41086766308265,64.27007125098798,62.557415428416164
1994-10-31,417.3720719192545,8.57,,59.114832273701424,50.39,-0.3277569740510685,,59.114832273701424,80.52345610665664,58.568524238699815,,52.87966071445867,83.9307680083035,55.16881110342563,66.21424403430886,64.72073685116305
1994-11-30,403.9488194949941,8.68,,59.94698286798338,50.39,-0.1844309686666648,,59.94698286798338,76.24081247489423,61.99096610377435,,60.288478545663295,83.04471560674698,73.95726984139421,71.10444851449462,67.1962545999305
1994-12-31,405.7573179507114,8.46,,62.3211755902732,50.39,-0.2237375337071613,,62.3211755902732,76.04385002985018,55.553149292525596,,79.75786233212328,82.90876821246454,68.9543047116779,72.6435869157283,69.98742648817726
1995-01-31,409.9866531641174,8.46,,64.59540298060273,52.094750000000005,-0.1058290046735638,,64.59540298060273,76.58830598629564,55.864006119637246,,88.49087563297708,92.52446802271857,80.02462645992246,78.6984564443102,74.14883062484436
1995-02-28,430.724549202834,8.26,,63.54299408197659,52.094750000000005,-0.3275154724474549,,63.54299408197659,81.2469172586312,50.074698426665975,,81.2969372928887,90.0281262863446,53.46905567437703,71.2231469877815,74.18839678260667
1995-03-31,443.6812965713337,8.12,,62.02713407751544,52.094750000000005,-0.4281537970952616,,62.02713407751544,83.37600274969547,46.20067189680934,,69.60676046250592,87.82464232102222,39.9846550285243,65.39854649171146,71.7733833079344
1995-04-30,459.75452414012153,8.03,,60.206550738180894,52.57175000000001,-0.5330207282360339,,60.206550738180894,85.78954419931672,43.93557923910338,,52.00952623442231,88.3613288431834,27.80499689843163,59.58019508289148,65.40062952079482
1995-05-31,474.8085979597059,7.65,,60.38446786805993,52.57175000000001,-0.4874974498123039,,60.38446786805993,87.4413858281294,32.64967504709635,,51.4515352812847,86.11804693711659,34.45900205933966,58.42392903059335,61.13422353506542
1995-06-30,506.72765036034633,7.3,,61.477790953116894,52.57175000000001,-0.4488342184645047,,61.477790953116894,90.82705841728972,23.801691640302366,,61.98873614449452,84.15040436061273,39.87200639555958,60.12797939165178,59.37736783504553
1995-07-31,534.650750918547,7.41,,64.19003869416633,52.19875,-0.2890371931737771,,64.19003869416633,92.64845913108527,27.246124003929438,,83.33582384140357,78.84542686271459,60.78312574274246,68.57179191637508,62.37456677954007
1995-08-31,540.7705420375663,7.57,,65.90979761890297,52.19875,-0.448610349083317,,65.90979761890297,92.28782789662037,32.40140258372417,,88.68893301774601,77.00116871217088,36.818305027746966,65.43952744760168,64.71309958520952
1995-09-30,554.5761518923447,7.32,,62.29254455312972,52.19875,-0.5105230255573316,,62.29254455312972,92.72758230305101,25.590525099206996,,62.12580045053983,75.28760647634073,28.313272363913615,56.80895733861043,63.60675890086239
1995-10-31,556.1395177915016,7.12,,61.61445815464856,52.7855,-0.3920764441481781,,61.61445815464856,92.13253634256328,20.83144359089609,,53.056327134220346,79.48881927074908,42.54356615174257,57.61053849803427,59.953007761415456
1995-11-30,566.4173327598246,7.02,,63.32699219607434,52.7855,-0.4722750726868607,,63.32699219607434,92.24321059151222,19.012353095670687,,70.43597126724866,77.852769591064,29.114190656892813,57.73169904047768,57.38373162570746
1995-12-31,562.9952635300332,6.82,,66.23801943195733,52.7855,-0.4056924713579397,,66.23801943195733,91.08612303977013,15.527424845105555,,88.0274502048025,76.41158500219754,37.65674432398859,61.741865483172866,59.0280343405616
1996-01-31,574.9399472996212,6.81,,69.02794251472497,57.44275,-0.4019656122577323,,69.02794251472497,91.32988924297686,16.061480794473162,,93.49775912727537,95.53288799061711,37.914642304575366,66.86733189198358,62.11363213854471
1996-02-29,593.4754095854314,6.99,,67.82124222364055,57.44275,-0.3220534750179614,,67.82124222364055,91.97707637582624,20.812024341868256,,87.33625152769218,92.42297123737669,53.20532177595961,69.1507290517446,65.91997547563368
1996-03-31,591.4411234879749,7.35,,66.3038355718581,57.44275,-0.1358518616688349,,66.3038355718581,90.72455375045641,31.818974507816154,,78.28748110764407,89.49454629155827,84.18731910087496,74.90257495166996,70.30687863179939
1996-04-30,628.803047583825,7.5,,64.62567944311807,57.76775,-0.3218024649423628,,64.62567944311807,92.75518521295307,37.64866615186524,,65.71252859332375,87.8694876089145,55.70557467730389,67.93828844887209,70.66386415076221
1996-05-31,651.478709980061,7.62,,64.72483713275359,57.76775,-0.3890181193434832,,64.72483713275359,93.16249576619174,42.828140369111026,,65.10125709792402,85.3658194761939,42.95096233470325,65.88173500882479,69.57419946978895
1996-06-30,635.5267729312183,7.71,,65.7156188166555,57.76775,-0.3418192490104845,,65.7156188166555,90.91916592879177,47.20089181524138,,71.41353476250629,83.09929460537597,53.81276024732983,69.28912947184905,67.70305097651531
1996-07-31,593.1293484014221,7.65,,66.38263321710032,57.2755,-0.0788256597846785,,66.38263321710032,85.53233507522879,45.47661424201984,,74.50060978849355,78.87659280585534,89.064750104008,74.6901804031211,69.95368162793164
1996-08-31,617.1523758450106,7.46,,66.79919136532573,57.2755,-0.104259498825989,,66.79919136532573,87.38669439524601,38.09109503161623,,75.46731399936122,77.27927782871606,84.42625084784973,72.53012642055785,72.16981209850933
1996-09-30,666.4346598745315,7.66,,64.90719025431869,57.2755,-0.1613433815858284,,64.90719025431869,90.90625675636625,47.4049198999902,,59.40672652526507,75.87352177631863,76.78981247932128,70.07624748745229,72.43218477037708
1996-10-31,674.720358090183,7.39,,64.17343176401499,57.083,-0.1622994326426884,,64.17343176401499,90.46899607435904,36.140882676995155,,50.682061787053,73.0062244802391,75.16684472852046,65.09300194943336,69.2331252858145
1996-11-30,728.1580652996745,7.1,,66.11095782464793,57.083,-0.0705376770728479,,66.11095782464793,92.95008481720407,25.503728663901903,,68.00555187596227,71.51316867493473,83.81410994629762,68.35732879566012,67.84219274418193
1996-12-31,719.4274654708582,7.2,,68.18285653958007,57.083,0.0146003473217265,,68.18285653958007,91.23492438918106,29.81814628796101,,81.5983766277412,70.10952498234828,87.74896420644251,72.10198729873481,68.51743934794276
1997-01-31,779.913374859826,7.42,,70.69854967588124,66.62275,-0.0036372999209606,,70.69854967588124,93.45375732553646,39.60199665058809,,89.65114842537703,96.22084122661182,85.29967108402886,80.84548294242846,73.7682663456078
1997-02-28,746.1531946197207,7.31,,68.32579780878189,66.62275,0.2147431121604911,,68.32579780878189,90.34051273568944,35.31908790602342,,76.41421063573424,93.12055508700433,92.2604793828452,77.49096914945932,76.81281313020753
1997-03-31,702.9085331343975,7.55,,66.19801700276412,66.62275,0.1798340489800101,,66.19801700276412,85.86000380560874,46.91527289946829,,58.796219228418,90.16089651952115,88.02830332008521,73.95213915462027,77.42953041550268
1997-04-30,746.2920662883216,7.73,,65.48503001655533,68.221,0.1229781575680633,,65.48503001655533,88.47971244823447,56.19808804222638,,50.303034571990544,89.93342129667944,82.84442546997191,73.55173636582056,74.99828155663339
1997-05-31,813.036765468711,7.58,,64.63506248325228,68.221,0.1132179158093562,,64.63506248325228,91.62381166439914,49.398959523913085,,39.10745810425573,87.20966697736569,80.19091409465197,69.50616207291714,72.33667919778598
1997-06-30,831.9558412029311,7.41,,65.98208432343904,68.221,0.2853774013678828,,65.98208432343904,91.51056345277098,41.53338776864544,,51.96015593636456,84.73879204671957,87.07515256886568,71.36361035467326,71.47383626447031
1997-07-31,926.6427535064614,7.14,,69.30121020506232,67.59075,0.3137118207224609,,69.30121020506232,94.29716947998752,29.726367208273473,,81.98833144648196,81.1209851188503,85.65169768877142,74.55691018847294,71.80889420535443
1997-08-31,899.7729742054998,7.22,,69.04218197397027,67.59075,0.3255818926619604,,69.04218197397027,92.10578081333757,33.763107073992224,,78.31511507382864,79.21186490601349,83.90831054798599,73.46083568303158,73.12711874205925
1997-09-30,940.6756572044224,7.15,,67.8592264881585,67.59075,0.2622193515058966,,67.8592264881585,92.65214032775233,31.21884072679623,,66.69713614568185,77.47131055710145,78.72896644099549,69.35367883966548,72.45714157039
1997-10-31,889.7815949562695,7.0,,67.44420980888918,67.54275,0.9595385037997364,,67.44420980888918,89.14233063697084,25.747442868010424,,60.703885278059765,75.67622780496404,95.22278014140765,69.29853334588255,70.70434928952652
1997-11-30,912.0354823415224,6.87,,68.52672838842844,67.54275,0.6159442270351526,,68.52672838842844,89.25798511520291,21.778143444107346,,72.20946920004099,74.1675743398126,85.24318869733162,68.5312721592991,69.06116144828238
1997-12-31,892.9737936123911,6.76,,70.9050159549264,67.54275,0.4112455128996471,,70.9050159549264,87.11494269109996,19.06820400267358,,88.06100729739833,72.80192115901994,74.29760576635303,68.26873618330897,68.69951389616354
1998-01-31,929.1284476513086,6.61,,71.33473978700775,75.8845,0.4215364956121186,,71.33473978700775,88.161853073182,15.813313056312317,,88.18952624815283,90.08623671217903,73.30605019146626,71.11139585625848,69.30380139962217
1998-02-28,1015.9459893157742,6.67,,69.8733833784914,75.8845,0.3660817609586863,,69.8733833784914,91.1536731339428,18.339478049851614,,77.32989936208078,87.36694790499138,68.39378855076413,68.51675740032614,69.2989631466312
1998-03-31,1052.3371818086243,6.72,,70.2069498036453,75.8845,0.454286207272045,,70.2069498036453,91.4177988505418,20.616184550143917,,77.96318008868685,84.9017126465661,72.37601485522217,69.45497819823217,69.6943771516056
1998-04-30,1069.9283579840396,6.69,,68.55604391101787,75.59,0.33395309287204,,68.55604391101787,90.9552623134307,20.443023726169983,,61.37076428135755,82.09031474831527,62.918807196027714,63.55563445306025,67.17579001720618
1998-05-31,1029.1858231929302,6.69,,69.3177314301426,75.59,0.3057673447620871,,69.3177314301426,88.11321663527984,21.1545623175547,,67.86896938409566,80.06995482546131,59.18980661928794,63.27930195633589,65.4299715358761
1998-06-30,1107.5577874599394,6.53,,71.73915264232345,75.59,0.2144761659439915,,71.73915264232345,90.36899831818607,17.4585542131131,,84.52613577037495,78.22251202746348,49.25977146568492,63.967194358964505,63.60071025612021
1998-07-31,1110.6293933182508,6.55,,74.37045064346759,76.49975,0.5177465411340164,,74.37045064346759,89.39814725439682,18.65888495180426,,91.600701052626,78.69518685818912,73.80293160545604,70.43117034449445,65.89255555326496
1998-08-31,917.6380140891674,6.52,,74.14731573879789,76.49975,1.4694934965523905,,74.14731573879789,77.34440193357389,18.276816670421052,,87.98323999856909,77.14396763034956,96.41984425860127,71.43365409830297,68.61067293392064
1998-09-30,1034.3931333057403,6.4,,73.07480133290031,76.49975,1.3931496955192173,,73.07480133290031,84.22477605938339,15.687167126492627,,81.27374990917839,75.79577162909003,92.68506212600496,69.93330537002987,70.59937660427576
1998-10-31,1090.1056552912853,6.37,,71.8700538156199,75.86449999999999,0.6282304756405351,,71.8700538156199,86.20492886693972,15.405450587906374,,72.49054509908028,72.80795794084848,63.748483487085124,62.131473196372,67.83281088823493
1998-11-30,1191.2312942615215,6.41,,71.60958483781201,75.86449999999999,0.5453941671269674,,71.60958483781201,89.51286693233043,16.91623785709719,,68.98831548333997,72.09724427091206,57.279867999126196,60.95890650856117,64.34122835832102
1998-12-31,1340.7530809289622,6.22,,74.18053889429937,75.86449999999999,0.4097700017371888,,74.18053889429937,92.89852227882483,13.66308923731991,,83.20013912720262,72.13495461953767,47.05012751965547,61.7893665565081,61.626582087147085
1999-01-31,1504.0654013495634,6.24,,77.7400089360914,90.31625,0.6251966167342808,,77.7400089360914,94.94532163806461,14.786987734510307,,91.69025406771148,95.77737912510541,60.310636905441015,71.50211589416655,64.7501296530786
1999-02-28,1388.8256002306898,6.4,,74.68897488953647,90.31625,0.685972308751959,,74.68897488953647,91.30621133742747,18.976257053545297,,78.86667252847198,92.72026584489373,63.1675367425857,69.00738870138483,67.43295705068648
1999-03-31,1143.1435498184271,6.62,,75.25582167558765,90.31625,0.3047327932808496,,75.25582167558765,80.64604448046629,25.5052040921689,,79.6468781079447,89.83331026243518,35.92918024513258,62.31212343762952,67.60720934439364
1999-04-30,1173.5131722348026,6.64,,73.34227208235414,89.27575,0.3705209205556998,,73.34227208235414,81.44687347495292,26.76703937464317,,67.36235677853412,85.80328083014116,39.47521066605567,60.17095222486542,63.83015478795992
1999-05-31,1144.1193008974878,6.93,,72.89679861906932,89.27575,0.4349608547348819,,72.89679861906932,79.0850867454307,37.02778987312987,,62.802503053058636,83.41741048138323,42.945310792920225,61.05562018918453,61.17956528389315
1999-06-30,1240.4556296159485,7.23,,75.2847993231572,89.27575,0.2947568694843852,,75.2847993231572,83.28686722738698,48.98740701703753,,78.20154233124167,81.24317753342464,32.79781900740865,64.9033626232999,62.043311679116606
1999-07-31,1217.3751121960972,7.19,,78.75032131004656,89.813,0.4711459652197874,,78.75032131004656,81.35699688865233,47.97643884719866,,89.7085301820088,80.21334531513747,45.11366250477931,68.87379474755532,64.94425918667991
1999-08-31,1259.8827892781455,7.4,,78.16589851928195,89.813,0.3543355970375092,,78.16589851928195,82.66365407085394,56.960401353065585,,85.2758906327575,78.37698506548263,36.25851853101072,67.90708993063407,67.22808243382975
1999-09-30,1255.3053804257515,7.39,,75.79249173266537,89.813,0.464669626856126,,75.79249173266537,81.65388754635963,57.4006940312656,,71.90236978030273,76.70196800204363,43.769372338404175,66.28565833967515,67.6888476726215
1999-10-31,1359.2606696193734,7.55,,74.44784936435107,90.51125,0.1734809585793825,,74.44784936435107,85.52471500536727,65.10178296917572,,60.8764589051188,76.63483615087094,25.302480552494362,62.688054716605414,65.62693432897154
1999-11-30,1497.0709128074343,7.36,,74.49475309637373,90.51125,0.4951884705959671,,74.49475309637373,89.42793997492176,58.620380616764066,,59.74450954956787,75.2583056962747,49.12427356439098,66.43508188038388,65.13626497888814
1999-12-31,1796.940304318014,7.55,,77.90783720849481,90.51125,0.4847066595000568,,77.90783720849481,94.7013046062372,68.32106419571136,,81.59945420261283,74.10528451924796,48.0330353742852,73.35202857961892,67.49172172553607
2000-01-31,1729.9982680027204,7.78,,80.68774519419546,99.4305,0.6959303369662453,,80.68774519419546,92.45757582495503,78.58634187836884,,89.28431008047448,88.05584537978255,63.6848567954779,82.41378599181176,74.06696548393818
2000-02-29,1999.7552053538643,7.68,,79.04829093551956,99.4305,0.5263699755500716,,79.04829093551956,95.3793564710393,76.03935086570412,,81.14204839027109,85.52322415039455,49.92833958652867,77.60246389278754,77.78942615473939
2000-03-31,2039.201835509568,7.68,,76.91282600747354,99.4305,0.4579218013026513,,76.91282600747354,94.6953195247413,76.888718530559,,67.04700352951774,83.22899813716079,44.426376535718234,73.2572832515394,77.75784437871289
2000-04-30,1776.7635737909018,7.64,,76.33987918376468,101.565,0.5924087642167608,,76.33987918376468,88.87394101913284,76.04038291027092,,61.25332559586535,84.17440266012261,54.392270987953594,72.94686463466907,74.602203926332
2000-05-31,1595.970731795063,7.99,,77.97741839678557,101.565,0.6675891866427642,,77.97741839678557,82.50747402576293,86.85716685469279,,73.30427325147272,82.10853548406976,59.26834568663496,76.80915906052664,74.33776898224502
2000-06-30,1790.8789349831677,7.67,,79.22129978650324,101.565,0.3432060096063997,,79.22129978650324,87.62196705779631,76.13418545344618,,80.07618127029448,80.25450426465922,32.766515557893115,71.37067072081786,73.70889813867117
2000-07-31,1719.55734849117,7.65,,79.8039800449273,99.80425,0.348304911528933,,79.8039800449273,84.62278313134485,75.01980650022004,,81.27062040272804,75.31077803658886,33.816008338503245,70.007999281877,72.72927635440716
2000-08-31,1913.6592443561556,7.55,,81.24639624737273,99.80425,0.0580262524140851,,81.24639624737273,88.87242043370635,70.79302158717984,,85.6351945526665,73.85330386486423,14.850437128112251,66.80087551330584,69.39318183866689
2000-09-30,1697.5320812367477,7.62,,79.28544733573739,99.80425,0.2741933745834959,,79.28544733573739,81.71484989049586,73.45305844602362,,73.01254748049905,72.55008726170547,25.813654211358834,65.30883945801656,67.37257141773313
2000-10-31,1583.340909236866,7.55,,77.42056815502508,100.88975,0.454816801739448,,77.42056815502508,76.540115805302,69.99880983685459,,56.26911323359119,74.2101231678378,52.51295451235741,65.9062233111886,66.00531276083699
2000-11-30,1262.1423096844726,7.45,,79.43502966444842,100.88975,1.0533029747878049,,79.43502966444842,59.49011489198433,64.96693749972859,,72.72989334655465,73.70393301866933,95.01885517453246,73.18194678629388,68.13233651849967
2000-12-31,1205.7350454060468,7.21,,83.52432326472828,100.88975,0.6360992393377081,,83.52432326472828,55.56416007029634,52.369689924788474,,90.80897921775507,74.2188605022244,69.35083264288876,68.4625044715906,69.18355818969103
2001-01-31,1319.6853917350631,7.15,,84.75415253717327,100.29275,0.3019501032537144,,84.75415253717327,61.82286855123689,48.866588899697035,,90.9340511405689,70.48525050472801,31.96543523293319,60.81483886583281,67.48643004123909
2001-02-28,1039.8578135251098,7.1,,81.35690371321206,100.29275,0.4848005211867246,,81.35690371321206,43.92056021908478,46.09411686809178,,74.7868922506002,68.9846521673378,54.67407736128208,57.69205977327933,62.32313437023424
2001-03-31,897.7745848226238,6.98,,80.17973942607642,100.29275,0.5554729036455771,,80.17973942607642,34.77729854398899,40.11628806694179,,65.44102705443613,67.52307321297708,62.11796817950642,53.99513101157009,57.5006765502274
2001-04-30,1024.3117815950245,7.2,,77.85009575393985,102.36425,0.3847980328876928,,77.85009575393985,41.997034710698905,52.05377922881568,,44.704515078232944,73.92343655667891,40.715974214608806,50.678947957807054,54.122046247552156
2001-05-31,1012.176126939338,7.29,,77.61468635401617,102.36425,0.1875707095962033,,77.61468635401617,40.7176032138812,57.20221149521558,,40.09261556054561,72.44421002360471,21.811869941126652,46.453702046874746,50.37592700541728
2001-06-30,1020.0485357543988,7.18,,79.58666005640534,102.36425,-0.0578737937916658,,79.58666005640534,40.67219791690177,51.78495179036848,,57.64262354656885,71.07896719432141,10.308219019331295,46.297391893498364,47.81001396606005
2001-07-31,962.938934757943,7.13,,80.77536124709202,101.07825,0.1632004387675893,,80.77536124709202,36.3871267775513,49.50948677043318,,67.81779741941673,63.80290824234622,24.919280627663433,48.48731996748217,47.07947130261842
2001-08-31,862.9152573106156,7.02,,82.1733496799005,101.07825,0.1649908996098965,,82.1733496799005,29.79746655675108,43.81602900949345,,76.82791201780324,62.36303973297771,26.169662517579077,47.79482196692091,47.52651127596713
2001-09-30,726.3560956306947,7.17,,78.98993791960194,101.07825,0.975141040627954,,78.98993791960194,22.34552403540942,52.63055471781984,,47.792127191210945,60.89114943198945,88.4918692141204,54.430244918110006,50.237462284171016
2001-10-31,804.9291908226224,7.03,,77.3932496231501,101.70175,0.96566014085977,,77.3932496231501,26.127193542356636,45.07478959423186,,30.153776450507497,63.904928686462014,85.55643234971521,50.163424124654654,50.79616366989518
2001-11-30,912.3360367584016,6.97,,76.92138394950868,101.70175,0.2576502074974225,,76.92138394950868,32.0506039992715,41.86702279568371,,23.5561616925228,63.47585032772739,33.07459093693972,38.804845950429026,47.79950499773122
2001-12-31,912.8234431762362,6.77,,79.09821721746316,101.70175,0.2805583654850075,,79.09821721746316,31.720421194427384,31.850115706073556,,45.452905917161104,70.04279205253512,35.67809711899489,42.94886639783841,43.972378824307356
2002-01-31,900.3679718166167,6.55,,82.24250378491115,99.6915,0.2570210046700155,,82.24250378491115,30.726524378362637,22.922235919954215,,77.56271149095917,21.60053986227464,35.136383736655866,37.5896790776413,39.78113047530291
2002-02-28,820.3317080729037,6.51,,80.46293530415366,99.6915,0.0187919051376856,,80.46293530415366,25.874847354329855,22.144108036370817,,59.70362848343943,21.018166679931927,20.963381591141136,29.940826429042637,36.82645730150744
2002-03-31,868.1815012084865,6.81,,80.61829675729732,99.6915,-0.078545983137721,,80.61829675729732,28.28685326837964,36.07141156036478,,60.024051022714,20.416348539902984,18.243673294148184,32.608467537101916,33.37965768126194
2002-04-30,788.3561162800892,6.76,,79.81970313741058,97.78675,0.0955430063446212,,79.81970313741058,23.695175938860014,34.134713290919514,,48.90570226992131,6.208393568256995,29.607348184429426,28.51026665047746,30.353186872207328
2002-05-31,759.3243775478188,6.75,,79.54441777477496,97.78675,0.0868112586176471,,79.54441777477496,22.299757856658562,34.20203796301758,,44.50999990301429,9.307559499999684,30.54486914551442,28.172844873640905,29.763859687073417
2002-06-30,682.9678759814689,6.63,,81.51821827200837,97.78675,0.2737941336535888,,81.51821827200837,18.97768465277381,28.969984503310787,,67.74285966754715,12.167143397433373,44.75957721487225,34.523449887187475,30.402187137101937
2002-07-31,624.5783951840901,6.53,,84.0793875905411,98.3515,0.586022631442439,,84.0793875905411,17.09259124560849,25.158024415548308,,85.93432371002359,19.050000187574817,67.95043046099045,43.03707400394913,35.24445625492583
2002-08-31,619.0395925995313,6.37,,83.34620762908645,98.3515,0.6415245969717029,,83.34620762908645,17.413179730440817,19.833105549710236,,79.70063189795209,20.589452246130364,70.11890005379684,41.53105389560607,39.69719259558088
2002-09-30,549.7947999578489,6.15,,81.75168463258285,98.3515,0.97947794576283,,81.75168463258285,15.503344425918089,14.224410205490855,,64.46363515506705,22.02966027429263,84.71387142731595,40.186984297616924,41.58503739905736
2002-10-31,625.4195339097993,6.32,,81.03258565676143,97.519,0.3758597919741995,,81.03258565676143,18.912998194370555,20.05780985348654,,55.253234551402606,16.514533597289844,48.23990632913524,31.795696505136956,37.83791156611998
2002-11-30,688.4326368681095,6.31,,81.35750864263515,97.519,0.3787158531305349,,81.35750864263515,22.062506839300124,20.386134167475966,,58.12709609616263,18.78270298083573,50.591910882896386,33.99007019333417,35.324250332029344
2002-12-31,623.8039950089313,6.21,,84.08832087796497,97.519,0.4821267845431997,,84.08832087796497,19.697878158165654,17.90471099706345,,82.99874430829709,20.870154959520022,59.56477255142061,40.20725219489337,35.33100629778816
2003-01-31,616.0129492725897,6.17,,70.2806132970464,99.794,0.6106793116533865,,70.2806132970464,19.89976387058592,17.327970129689476,,3.158822149526647,49.520994886269534,68.15037820818442,31.6115858488512,35.269636079026235
2003-02-28,621.5149925908345,5.95,,69.83429854265025,99.794,0.395058929397945,,69.83429854265025,20.732503495447702,12.763212334719091,,5.909532158720833,49.818396671274925,51.71060918615353,28.186850769263216,33.33522960433592
2003-03-31,625.5925852326795,5.89,,67.54637864764179,99.794,0.5761538067000875,,67.54637864764179,21.52069512015237,12.47503535087233,,6.401532811513418,50.116791501838485,65.8768273115405,31.27817641918342,30.3588710124326
2003-04-30,679.6477637141544,5.74,,66.03022951373772,100.22125,0.225263786042643,,66.03022951373772,24.458810239040556,10.732396753775788,,7.704404510153777,57.86443046551797,38.561105382930705,27.864229470283757,29.10975221957679
2003-05-31,731.203112764673,5.22,,66.53797313586989,100.22125,0.0624541251687156,,66.53797313586989,27.32838565329815,5.6782226413567045,,11.297350628937021,59.721106200910725,27.57956512688427,26.320926050277375,28.487777313248174
2003-06-30,738.6472766585727,4.97,,67.26062381165502,100.22125,-0.0409340541058979,,67.26062381165502,28.151161036047334,4.976836553869385,,15.237162158134957,61.87905404626156,21.354500100008515,26.31974277886435,26.834966099808483
2003-07-31,776.6263556096649,5.49,,70.9178629612793,101.025,-0.0419841266651963,,70.9178629612793,30.483980283655697,11.555601259224076,,26.442209784106723,73.91100823497592,22.34726106582641,32.94801212555777,28.529560318233155
2003-08-31,806.830011130443,5.88,,71.67785915439815,101.025,-0.091808963421713,,71.67785915439815,32.225725620916904,19.65650883393164,,30.415312208464535,73.97463242987288,21.024596666101385,35.45935515185747,31.575703352093186
2003-09-30,791.979186100612,5.72,,69.87715883350896,101.025,0.1272428536053381,,69.87715883350896,31.7289463053818,16.820615065862537,,26.19637809815475,74.03847984312587,35.44562806896155,36.846009476297304,35.084458917904165
2003-10-31,852.1306840920256,5.7,,70.80970655125668,99.83675,-0.2521640808140277,,70.80970655125668,35.25630876548604,17.052407234037773,,30.346155901283677,57.305395088206936,14.71832796508751,30.935718990820387,34.41369453965837
2003-11-30,859.9032109952814,5.65,,72.10456818213399,99.83675,-0.1651641899315761,,72.10456818213399,36.030594227248976,16.75352550044591,,35.61969894865381,59.24203416313818,20.768018815316218,33.68277433096061,33.82150093269276
2003-12-31,888.3058895212449,5.62,,75.8056849536229,99.83675,-0.0541549855974416,,75.8056849536229,38.05382617490897,16.747146388815082,,50.12900156330641,61.5176069421547,28.705012174333667,39.03051864870377,34.54967065682825
2004-01-31,907.9535005315694,5.54,,79.84171310998039,104.17275,0.1745034419559712,,79.84171310998039,39.689035591241876,15.90909321741442,,65.9525283700836,95.3878402479246,46.041771423295636,52.59605376999203,41.76978224988546
2004-02-29,900.2100181033628,5.5,,81.14728128514412,104.17275,-0.12599909346895,,81.14728128514412,39.67773828697444,15.955516148377754,,70.27486249678347,92.22790793721693,25.13075547402949,48.653356068676416,46.7599761624574
2004-03-31,883.3369388346739,5.33,,80.48384204213794,104.17275,-0.0121839728645542,,80.48384204213794,38.958389225873695,14.115043667651067,,68.0707851310952,89.25287845200268,32.20196365822348,48.51981202696922,49.923073955212544
2004-04-30,859.2167143030916,5.73,,80.00972923511758,105.753,-0.0493104202072009,,80.00972923511758,37.88049095429823,22.198172320947375,,66.37890486927537,91.67475278811062,30.286609596196573,49.68378610576564,48.95231806713708
2004-05-31,887.328774516964,6.04,,79.30018907829016,105.753,-0.2346980511700414,,79.30018907829016,39.77557891248188,30.2145364733232,,63.88358597788779,88.83648877281888,20.974059824775935,48.73684999225755,48.98014937499746
2004-06-30,912.6620328403892,6.01,,79.68288537029709,105.753,-0.2055361091063886,,79.68288537029709,41.58726318830801,30.00032020406436,,65.68655707077016,86.25631398009322,24.181825028311984,49.54245589430955,49.3210306641109
2004-07-31,852.7739369973885,5.82,,82.18445960452733,105.4585,-0.1193593324927264,,82.18445960452733,38.43215859298134,25.894125341407744,,74.6254857387865,82.57118619685433,30.665603338714803,50.43771184174894,49.572339242771996
2004-08-31,838.4326876834418,5.65,,81.72996587683046,105.4585,-0.1513924425574672,,81.72996587683046,38.00579027842325,22.775397647690873,,73.67982780804608,80.44231860535857,30.105220976783965,49.001711063260544,49.66062626643967
2004-09-30,859.8481648528248,5.46,,81.81385542203196,105.4585,-0.1814856504826477,,81.81385542203196,39.62457581480808,19.715653979357,,73.92902131192307,78.48495117342964,28.123296228226124,47.975499701548785,49.13830753551941
2004-10-31,892.202301139363,5.47,,82.39303156854898,105.39625,-0.069882152967091,,82.39303156854898,41.96260351756118,20.686034189339043,,75.34566664477005,76.49269460060071,38.59232764909295,50.61586532027278,49.1976920283607
2004-11-30,939.9951516263098,5.52,,83.64850180194394,105.39625,-0.2532952653049889,,83.64850180194394,45.364588050518016,22.469279470223647,,78.29119025237452,75.02995326690584,25.4237867492185,49.315759557848104,49.30237485988988
2004-12-31,971.7974248534548,5.47,,86.64163389203709,105.39625,-0.2710412343452542,,86.64163389203709,48.12554227289357,22.150852687018325,,84.5297571766755,73.74803816054015,25.441602317187968,50.7991585228631,50.24359446699466
2005-01-31,924.4314537966352,5.36,,88.43860337691869,112.11,-0.3566887897475668,,88.43860337691869,45.82089955249522,20.592522248217,,85.24913840441457,94.34423236357294,19.479210621640437,53.09720063806804,51.07070623959307
2005-02-28,925.7187092132,5.2,,87.2611399803602,112.11,-0.5289293572330646,,87.2611399803602,46.88939371187165,18.305527754446366,,80.77736183370455,91.35000889993911,11.61816698517486,49.78809183702731,51.2281503326528
2005-03-31,906.0863663275352,5.4,,88.25502027295158,112.11,-0.4874691859117332,,88.25502027295158,46.55196237341133,22.911544655773795,,80.96229858724755,88.58311838549754,12.492347608491857,50.300254322084406,51.06184893239324
2005-04-30,874.7657091787127,5.33,,86.91923078669487,111.094,-0.4282714419048212,,86.91923078669487,45.01394341173535,22.064041103179203,,76.4727014679257,83.28755073610404,17.783772359240366,48.924401815636934,49.670915991582866
2005-05-31,932.8761775302944,5.15,,85.95055611015584,111.094,-0.5671413200248192,,85.95055611015584,50.706693642836996,18.913207325495453,,72.58085583881258,81.16586139360825,11.658764996715039,47.00507663949367,48.74324425907165
2005-06-30,919.8576578428238,4.96,,90.57337410744972,111.094,-0.3752645752742091,,90.57337410744972,50.9067269937623,16.169976966667505,,83.2207871366115,79.229654766342,28.214577869200735,51.54834474651681,49.15927440054913
2005-07-31,974.518018843324,5.06,,93.67938594182208,112.03275,-0.4254042951206629,,93.67938594182208,57.712902589907564,18.597508698360482,,86.97265524148102,80.65892392981927,25.00923172262005,53.790244436437675,50.78122194081604
2005-08-31,961.0633631201968,5.09,,95.13492306155683,112.03275,-0.5880183706706889,,95.13492306155683,59.40331575232195,19.81265838957534,,87.15195889663592,78.74877528287283,15.199654262486458,52.063272516778504,52.46728723324432
2005-09-30,967.4087301965716,5.13,,94.07569434625688,112.03275,-0.7237293582905586,,94.07569434625688,63.325365786027966,21.182945969809055,,83.83765548627437,76.99690421183524,10.718413673198189,51.21225702542897,52.3552579928817
2005-10-31,952.6322927096558,5.35,,94.22074358055733,111.44925,-0.7426507257265621,,94.22074358055733,64.81966792633112,26.956781534758484,,82.95053658023255,73.09739094301797,12.709561850259188,52.10678776691987,51.79410576970911
2005-11-30,1000.681052082666,5.42,,95.7390575965116,111.44925,-0.7386068177664429,,95.7390575965116,73.25211029491737,29.387876065925276,,84.93803807339943,71.95372712265213,15.48984842171598,55.004319995722035,52.77445492935695
2005-12-31,989.8941120061428,5.37,,101.29728196116058,111.44925,-0.4581132442148528,,101.29728196116058,73.13597500048688,28.545482809812704,,91.08757491080539,71.09858582459788,37.27268395351709,60.228060499843984,55.77972275416195
2006-01-31,1027.347528802718,5.29,,101.09613056387826,117.879,-0.41777993732093,,101.09613056387826,80.73442210075635,26.890420561838408,,88.08864245375662,91.48217276034484,42.93595475730497,66.02632252680024,60.41956767412208
2006-02-28,1014.5656173260536,5.35,,102.8372619315644,117.879,-0.5994631595516994,,102.8372619315644,79.27461439585612,29.188079157757592,,87.75547016089236,88.82560806672382,26.59395962056096,62.32754628035816,62.860643102334116
2006-03-31,1034.282310359227,5.53,,103.84825247922444,117.879,-0.6485666852180451,,103.84825247922444,81.07897968659559,35.44479898866715,,86.57391332756922,86.4362222162049,23.95572418966559,62.697927681740495,63.68393216296628
2006-04-30,1034.3904106847751,5.84,,110.46952112339515,117.112,-0.5667523481399376,,110.46952112339515,81.02966656695128,47.195515681256175,,90.9388491096292,81.9161923151398,32.96165769576916,66.80837627374912,63.94461674528258
2006-05-31,975.6210345537634,5.95,,122.98724633325172,117.112,-0.6112115334562986,,122.98724633325172,73.17698203785667,52.31164066558095,,94.83248157149664,79.89045348662799,29.859594329760665,66.01423041826459,65.17351145791805
2006-06-30,973.6424465648282,5.89,,118.77651502763972,117.112,-0.5618345650021559,,118.77651502763972,73.13419211819539,50.82071517052109,,89.68461319105585,78.03342625928144,36.58540361551989,65.65167007091473,66.15809225430947
2006-07-31,947.5442168081378,5.85,,123.5473669346582,117.1435,-0.47486524030736,,123.5473669346582,68.96735042818479,50.05685568184888,,90.04732616634428,76.48701787583246,49.04719658812014,66.92114934806611,66.19568327908179
2006-08-31,983.8295991829174,5.68,,123.2433282258136,117.1435,-0.7137872018396726,,123.2433282258136,74.2633449270562,43.57315000056971,,87.19750662730445,74.96900793103957,22.30534773471997,60.46167144413798,64.34483028770626
2006-09-30,1019.3650048671292,5.51,,119.64174961163852,117.1435,-0.6865762801887157,,119.64174961163852,78.44094233382816,36.92725863784044,,81.7444843078918,73.61002601286461,26.375364706954585,59.41961519987592,62.26747866402665
2006-10-31,1063.2265257110537,5.51,,117.6165284930017,118.211,-0.5534972860357984,,117.6165284930017,82.74179514310353,37.50173078733914,,77.59575289006466,77.26913850365145,46.28356650545081,64.27839676592193,61.38656113664526
2006-11-30,1091.6673829558326,5.33,,114.63473785318502,118.211,-0.6049206997987434,,114.63473785318502,84.7980195625648,30.112305241203778,,71.9925011388697,76.47785708871841,38.9586392789254,60.467864462056426,61.388625475951415
2006-12-31,1085.1532131471315,5.32,,113.3249433548677,118.211,-0.5793076506013775,,113.3249433548677,83.3909956883322,30.15314723310731,,68.49304614256081,76.35700689728735,45.78781832888131,60.83640285803379,61.8608880286707
2007-01-31,1105.1377291869353,5.4,,107.53897730177611,126.77725,-0.3952664960387961,,107.53897730177611,84.44968485421558,34.35832879840818,,57.09939435126651,95.12146588266218,81.55514679177,70.51680413566449,63.94035715191822
2007-02-28,1083.8718890861198,5.39,,108.76626044142732,126.77725,-0.4582456849760216,,108.76626044142732,81.49035310155487,34.4493591492499,,58.01461762967283,91.97964696276287,70.74215942213537,67.33522725307517,66.2294780822578
2007-03-31,1090.2346157944326,5.3,,111.22754394600888,126.77725,-0.4744113387226377,,111.22754394600888,81.34328817846826,30.471691841151028,,61.33650967187803,89.03795438467945,67.55546939120319,65.948982693476,67.93367136073853
2007-04-30,1141.522472439562,5.47,,118.90675270375316,126.6765,-0.5765843236919741,,118.90675270375316,85.08823139700206,39.95617016184817,,73.65395329630941,86.26625922871482,47.21727344896791,66.43637750656848,66.57352915103986
2007-05-31,1178.1527070299496,5.47,,118.60344306831936,126.6765,-0.5148521078753155,,118.60344306831936,86.87588700556128,40.61899413189839,,71.9137160327193,83.94262711777085,60.46354717132433,68.76295429185484,67.04943816396643
2007-06-30,1173.3710122953148,5.79,,118.56456632159018,126.6765,-0.4536701456192245,,118.56456632159018,85.60810291940297,62.71488187032478,,70.4706266858394,81.84227318733156,74.05366693425658,74.93791031943105,70.04574737261811
2007-07-31,1153.5626619146492,5.73,,121.87653402078632,127.1965,-0.0999281829722346,,121.87653402078632,83.28347228084763,60.21895838411392,,75.16219957501356,81.11156048876974,96.15186796189379,79.18561173812773,74.2954921164712
2007-08-31,1178.3223676277382,5.79,,120.3029679639682,127.1965,-0.0662647295094666,,120.3029679639682,84.72490103866913,65.62664950093337,,70.70202301955982,79.20217002477692,93.72805169866287,78.79675905652041,77.64009370469306
2007-09-30,1229.5357372372937,5.74,,119.4828357100052,127.1965,-0.2270983693429327,,119.4828357100052,88.10001278065272,62.88461035362511,,67.62268967866557,77.4610887784317,83.12877412469633,75.83943514321429,77.94060197928746
2007-10-31,1292.6219812023517,5.66,,119.19412234015016,127.1855,-0.342830493392347,,119.19412234015016,90.99610619884683,58.08134981580664,,65.69488828902355,75.92897801103378,70.41300753326473,72.2228659695951,75.61968672310992
2007-11-30,1212.7980379001935,5.44,,111.70680417438112,127.1855,-0.1719454386310504,,111.70680417438112,84.95657489015977,40.814495422070905,,40.21763962683269,74.62160869846805,84.34289069728335,64.99064186696296,71.0176476599241
2007-12-31,1207.737207938982,5.49,,111.11070246547509,127.1855,-0.1602800141889822,,111.11070246547509,84.01660597840201,45.92689125770657,,35.93506810949585,73.55613345613568,82.94436315131854,64.47581239061174,67.22977340905659
2008-01-31,1091.834698241025,5.33,,114.70622971423836,134.80375,0.3323520978182164,,114.70622971423836,70.64303983576058,32.552149676568426,,46.533289615874665,90.14990737151604,95.54553021243878,67.08478334243169,65.51707920000212
2008-02-29,1041.169507692455,5.53,,120.06772064183406,134.80375,-0.0947433253984457,,120.06772064183406,62.42401771276964,51.59707873882805,,66.93363784445137,87.40196208536372,77.2638356498154,69.12410640624563,66.89490071309633
2008-03-31,1048.9377870349908,5.51,,122.197482100125,134.80375,-0.1427430892711029,,122.197482100125,63.194332094648864,50.26584809608323,,74.4427201702878,84.90806203841206,72.13093315504634,68.98837911089565,68.39908961985763
2008-04-30,1114.464022232888,5.55,,122.04199941896104,136.43925,-0.5934748062291223,,122.04199941896104,73.44031611321695,54.589290745634614,,72.27881202585458,85.63140024268196,30.50193180999134,63.28835018747589,67.13361190153904
2008-05-31,1160.9120602603691,5.57,,119.29587097528037,136.43925,-0.8500842287396776,,119.29587097528037,79.41909289712628,56.0604940024766,,60.406063354938766,83.44211959462073,15.396164195063712,58.94478680884522,63.740505369072245
2008-06-30,1054.3938818576814,5.68,,121.16333802483966,136.43925,-0.6543836582601047,,121.16333802483966,61.636869557855704,66.10557181951222,,68.91359592597821,81.47855078345147,27.958270161590253,61.218571649677564,61.150569548666205
2008-07-31,1059.4161839319909,5.67,,121.97075660302548,135.67775,-0.4770698459593561,,121.97075660302548,62.00922171718639,64.82181771020817,,73.10887847790141,77.98023249319233,42.77664498816971,64.1393590773316,61.43423917861812
2008-08-31,1074.67120712297,5.64,,115.26280557679516,135.67775,-0.6345308259292021,,115.26280557679516,64.42831242822433,62.49359846654645,,40.04882477157076,76.50392196777656,28.972293386427054,54.489390204109036,59.949106977039385
2008-09-30,942.9033356253852,5.65,,109.2510952801602,135.67775,1.0314696144959876,,109.2510952801602,35.7376580277444,63.65471246804142,,17.10596127293977,75.24102522726328,97.0384088869512,57.75555317658802,58.79476748600954
2008-10-31,783.1126360897509,6.28,,91.34657013002398,135.30675,1.6642055834732528,,91.34657013002398,12.272519200211626,95.18937746752995,,2.988239649643911,72.84819758875359,96.760005374281,56.01166785608401,56.08553707892701
2008-11-30,704.482760603957,6.12,,83.66121488250278,135.30675,1.1377598710366463,,83.66121488250278,7.436982833575575,90.21473378414196,,3.8740951824698713,71.90892127929958,89.08384880571003,52.503716377039396,55.42364580323713
2008-12-31,718.3558467469846,5.05,,81.6423598085158,135.30675,0.5195993637826546,,81.6423598085158,9.194955143152303,14.528522353640438,,6.345974270191023,71.44111334088814,73.31531699659627,34.965176420893634,47.82685355133899
2009-01-31,678.7330298008883,5.05,,81.73820155903445,137.17874999999998,0.9465241504860724,,81.73820155903445,7.916513333830731,15.473021671189596,,9.304970923854798,77.35443175836441,82.11287638265658,38.43236281397923,41.96708520397074
2009-02-28,629.173383090593,5.27,,79.7036642815762,137.17874999999998,1.0027229260315444,,79.7036642815762,6.666373120353231,29.26555979914293,,10.950495496814352,75.57691254017958,81.07049676056673,40.70596754341136,38.03450225942806
2009-03-31,693.5890720175181,5.5,,82.02275202093936,137.17874999999998,0.7853787947053895,,82.02275202093936,11.107901945335929,48.33281256566569,,15.107425803569988,73.91082958292378,74.00885045752122,44.49356407100332,41.21063147613129
2009-04-30,775.158941980774,5.39,,83.90127838452356,138.47875,0.3833273747095775,,83.90127838452356,18.52649967317901,39.06873061837739,,18.949875871240696,77.3953474748327,60.29915742681629,42.84792221288922,42.68248460910129
2009-05-31,803.5844642246724,5.54,,84.68058856282524,138.47875,0.1773341419277897,,84.68058856282524,22.053702079889028,53.31138474290415,,21.710226690843093,75.78825157300079,51.923551702329206,44.95742335779325,44.099636547228585
2009-06-30,822.5406342370305,5.61,,89.18409033722729,138.47875,0.0569333073690662,,89.18409033722729,24.733861104897287,60.63368880064637,,28.12874497474475,74.33236932132115,46.6151582461698,46.888764489555875,44.8980366867461
2009-07-31,888.4425324445808,5.41,,91.73781419767396,137.53975,-0.111028137300079,,91.73781419767396,33.82030408436735,42.16823524708811,,32.6654878405818,68.43928920946706,40.41149101678474,43.50096147965781,45.11571644233563
2009-08-31,905.4327677693464,5.26,,99.03280420198185,137.53975,0.0701663392802688,,99.03280420198185,36.20273165034759,29.47132602129045,,43.83628914993838,67.13422192918222,46.91094107160805,44.711101964473336,45.03360931122899
2009-09-30,952.3500587182456,5.13,,97.5778802506933,137.53975,0.190637903459604,,97.5778802506933,43.61151889361432,20.823396871606644,,42.89791086177361,65.93070881729003,50.80933312534096,44.814573713925114,44.34221238601874
2009-10-31,923.9679254385824,5.15,,97.8880555286119,137.083,0.2982767686632363,,97.8880555286119,38.76000692654475,22.747814274121765,,44.57285793489483,61.44786959827844,53.93628455299857,44.29296665736767,44.60621411192202
2009-11-30,975.3481639019304,5.19,,100.09027642807004,137.083,-0.2118156693228339,,100.09027642807004,47.34539710273274,26.092840566165748,,48.742606023502766,60.23510524342015,34.83444653317333,43.450079093798955,44.18587315503057
2009-12-31,1020.078886379644,5.26,,106.5979808141356,137.083,-0.1807163850770165,,106.5979808141356,54.92692534891296,31.81685576772525,,59.269663552319116,60.79800773681649,35.9710269873706,48.55649587862889,45.43318054326516
2010-01-31,964.9529301153844,5.26,,110.56069898278554,135.74725,0.1952230797867283,,110.56069898278554,45.295513751138344,32.01080492171528,,65.5599136616096,32.03881647247105,50.2833356417313,45.03767688973311,45.68141728738697
2010-02-28,1003.4833292649594,5.35,,105.84760601115488,135.74725,-0.1711614418435244,,105.84760601115488,51.73582315398049,39.37787954133067,,59.684242095696646,30.524703581498123,36.64716297611315,43.59396226972382,45.72937834602859
2010-03-31,1074.314491873325,5.27,,107.52709897931663,135.74725,-0.2244781185656704,,107.52709897931663,63.23143786944884,32.75363665339817,,63.85696105209948,28.84262534323076,34.92713582313075,44.7223593482616,44.451332835906165
2010-04-30,1097.552361976068,5.29,,107.704456862489,136.1525,-0.0599809093960878,,107.704456862489,66.35827325328627,34.49002165123689,,65.80938684411804,37.81182034607483,39.74683282098477,48.84326698314016,45.71986286704185
2010-05-31,1010.8170587299352,4.96,,102.78449124814802,136.1525,0.5240046757848956,,102.78449124814802,51.65996159451227,13.904561486731145,,59.007276018220914,38.130953620393214,60.88493319927862,44.71753718382723,46.09438783840965
2010-06-30,949.2638106708918,4.88,,102.8988435638236,136.1525,0.6193773009056049,,102.8988435638236,40.926767783846095,11.005936550810281,,61.38932601957193,38.44671318964936,63.18074079629007,42.989896868033554,45.5169003450003
2010-07-31,1015.8282500619208,4.72,,105.38149458316276,136.46625,0.2005094532139299,,105.38149458316276,52.331638512861424,7.29627284012741,,68.8588416443954,44.8594228137868,43.49550499552836,43.368336161339876,43.69192340440021
2010-08-31,960.57572761586,4.49,,109.41800441247044,136.46625,0.1124662536907558,,109.41800441247044,42.73256240076504,4.4459083641842385,,77.21241771970281,43.94805879530231,37.311775683085465,41.13014459260798,42.49612587399378
2010-09-30,1072.7884816058263,4.53,,110.38727002322032,136.46625,0.2341533247120682,,110.38727002322032,61.73957729423477,6.08484797397823,,78.56465854760262,42.99110140525515,44.54525267933644,46.785087580081445,43.761189444676425
2010-10-31,1132.3525413100413,4.68,,112.45202074223356,136.1495,-0.022041014016734,,112.45202074223356,70.44470858356351,10.367545643015893,,79.50436175864685,33.93654590072834,32.414691269760816,45.33357063114309,44.41626760127749
2010-11-30,1128.7544336999906,4.87,,114.48757235219284,136.1495,0.2879192106677387,,114.48757235219284,69.50691493767567,17.584655547218244,,80.3020547563812,32.3821667842066,53.80498413752972,50.71615523260229,47.611604481275585
2010-12-31,1192.52474296817,5.02,,123.9311935056056,136.1495,0.0005753191410027,,123.9311935056056,77.28917970899458,25.170129759066,,87.9686330479841,30.646125699309827,35.26610747885813,51.268035138842535,49.10592033419596
2011-01-31,1220.686353259974,5.04,,127.14481981910708,147.35975,-0.0895345552465836,,127.14481981910708,79.76871838109287,26.63413119162964,,88.2154703861305,98.20137900379085,30.64315439586172,64.69257067170112,55.55892034771531
2011-02-28,1258.2209041995004,5.22,,127.33082430919367,147.35975,-0.0395978159167879,,127.33082430919367,82.66787557207121,37.69306849968401,,86.52782220876406,95.77769374661449,34.86919301117075,67.5071306076609,61.1559121394015
2011-03-31,1255.0050507535766,5.13,,123.21680496513484,147.35975,-0.1061375158978693,,123.21680496513484,81.57684021188103,32.46019303193955,,80.7221986933404,92.55230581763801,29.884461235353232,63.43919979803045,65.21296702579748
2011-04-30,1292.479443328043,5.16,,121.91157904995111,147.977,-0.3037186532331526,,121.91157904995111,84.03013995376828,34.887631387685495,,77.69145349150605,90.56502927441738,17.354428023581185,60.905736426191694,63.950688943961005
2011-05-31,1275.3526633898,4.96,,117.97844520272317,147.977,-0.3832106594078237,,117.97844520272317,81.65946491620937,24.008216342106152,,70.12726276665094,87.73470136854974,15.574004835046102,55.82073004571246,60.05522208997818
2011-06-30,1249.5631728266787,4.99,,121.24131491435072,147.977,-0.178705708795964,,121.24131491435072,78.39514466047139,26.214172521994872,,74.90958572245773,85.1558799747053,30.66989441861393,59.06893545964864,58.598467310517584
2011-07-31,1249.3454577662244,4.93,,128.47119498725309,147.95475,0.3060405316602914,,128.47119498725309,77.61370147457303,23.681839073949174,,84.32185723045869,82.70446572665823,73.46868955194526,68.35811061151688,61.08259203895931
2011-08-31,1178.1007884213184,4.37,,123.57460171659612,147.95475,0.7337993113913234,,123.57460171659612,68.82369076918548,7.010846323493941,,74.99554145429383,80.51094252374867,90.54488223194724,64.37718066053382,63.93474224389977
2011-09-30,1110.3157044784173,4.09,,115.93702451302676,147.95475,1.0501283857625197,,115.93702451302676,59.30372798098147,4.632166824415887,,56.42515454688745,78.48738778397029,93.46608178259542,58.46290378377011,63.73273168527359
2011-10-31,1229.123095150195,3.98,,108.31089081527033,148.14925,0.1803627934933142,,108.31089081527033,74.27586663090965,4.8040998431379345,,34.420307919708804,77.12694404272621,55.4655818063876,49.21856004857404,57.35288149762598
2011-11-30,1203.0101679224842,3.87,,110.08442473082287,148.14925,0.1993486206272324,,110.08442473082287,70.86866339273197,5.023513302829795,,37.35124533989989,75.31888209033313,55.692295438023585,48.85091991276368,52.17746124836926
2011-12-31,1199.0597511254475,3.93,,111.92264037238756,148.14925,0.3125878387510248,,111.92264037238756,70.04685544501538,6.937422960489088,,41.86056022467521,73.61471593063756,62.299702418060264,50.9518513957755,49.67377711903773
2012-01-31,1286.8237146500023,3.85,,116.81484575852794,159.7685,0.1792387797914367,,116.81484575852794,79.01599123089123,7.227589389038985,,55.968297761190385,92.03596743220595,52.859113025921246,57.421391767849556,52.40805435879623
2012-02-29,1357.6706025578617,3.85,,118.27513682946484,159.7685,-0.06014757507326,,118.27513682946484,84.11869120632534,8.464112740402701,,59.02697954490199,89.18663335055894,35.31014332153081,55.22131203274396,54.53151839878965
2012-03-31,1416.5504055686672,3.99,,116.6273919720508,159.7685,-0.255322145655705,,116.6273919720508,87.05373941824288,11.767829331904123,,52.79023726314055,86.59492800915031,23.62774641721308,52.366896087930186,55.00319996284122
2012-04-30,1400.0161381088722,3.96,,115.39179420724577,159.80624999999998,-0.1828201893452501,,115.39179420724577,85.15536258827218,12.342378321100366,,47.71669864417925,84.2730846784622,28.220132056270902,51.541531257656985,53.0432464594437
2012-05-31,1301.59403356328,3.8,,114.19261033282616,159.80624999999998,0.3529158842444476,,114.19261033282616,76.8731568335998,10.856725353522446,,41.65861326078732,82.12175985769903,65.86579547668003,55.47521015645773,53.12787916734828
2012-06-30,1350.3842093613678,3.64,,111.821359111443,159.80624999999998,0.1439562502727494,,111.821359111443,80.54057771755211,9.69166949029843,,31.261258026346162,80.1724885267279,52.53614033321979,50.84042681882888,52.61905607764785
2012-07-31,1360.9579250200302,3.4,,115.58549978101904,159.06975,0.1373174679707009,,115.58549978101904,80.7408309555075,8.023653605992367,,42.693757094273224,77.0330786416995,52.22835782920653,52.14393562533583,52.819857533540805
2012-08-31,1416.3901270112774,3.48,,114.3296236667117,159.06975,-0.1085106554405905,,114.3296236667117,84.00288632263245,10.058933497446867,,36.44629715712307,75.46204594616572,34.45662933924694,48.085358452523,50.35657363222922
2012-09-30,1437.6086663264412,3.49,,116.023759025341,159.06975,0.0705603651035453,,116.023759025341,84.68529652514812,11.263512129195409,,42.18442776585754,74.0448876444919,48.28267206338454,52.09215922561551,50.77381776782477
2012-10-31,1375.3129711474414,3.47,,115.90761758981778,159.69674999999998,0.2382887138903372,,115.90761758981778,80.02863094280805,12.047012186968162,,40.901401781862575,74.33542106762509,60.29061130531312,53.52061545691539,51.23271104501796
2012-11-30,1388.20873543386,3.5,,113.86611802980929,159.69674999999998,0.2688692404636354,,113.86611802980929,80.46699118090095,13.549104858637184,,32.498156263176696,73.42647726559953,62.61063257958605,52.510272429580084,52.70768237070365
2012-12-31,1388.0096293469187,3.65,,116.97936947307976,159.69674999999998,0.1665553928184613,,116.97936947307976,79.91385817458311,17.03077367031442,,47.018604019089196,73.03215684813112,54.40878197238368,54.28083493690031,53.43724094113191
2013-01-31,1438.8754271241953,3.8,,120.31486926833009,166.83575,-0.2280386541135587,,120.31486926833009,82.6244568653908,20.850138013311035,,64.37869456470254,87.23052165691391,26.5748669876249,56.33173561758865,54.37428099468966
2013-02-28,1446.9380459740778,3.9,,119.03553725503616,166.83575,-0.3817942803858167,,119.03553725503616,82.26094077809715,23.82987029526264,,60.975958516270964,84.80918117547066,20.0172788475595,54.378645922532186,54.99707215900704
2013-03-31,1493.8332224278276,3.93,,116.17757155151482,166.83575,-0.4121175046523146,,116.17757155151482,84.17808918174768,25.245411416131063,,47.029839978265855,82.62012276397122,20.0451453505615,51.82372173813547,54.178034426085425
2013-04-30,1525.2885430660915,3.73,,111.70887254911496,166.25825,-0.4720161479496235,,111.70887254911496,84.98276283316015,21.417629710267004,,25.936214809697265,79.4168613781106,18.342900259350507,46.019273798117105,50.74054715292824
2013-05-31,1573.9015023342758,3.89,,111.53559578645375,166.25825,-0.2521810715215611,,111.53559578645375,86.47292662593289,25.79946806151497,,26.756530644568027,77.62392016227669,28.532839330862874,49.03713696503109,48.960044167094544
2013-06-30,1543.8949222689291,4.27,,111.17765502906404,166.25825,-0.1642157266584506,,111.17765502906404,83.98388047318502,36.86055702461312,,26.846271868162543,75.98284629034679,33.757931226133394,51.486297376488174,48.84756937987877
2013-07-31,1637.1625652661517,4.34,,112.7437158704376,167.008,-0.4382241800698817,,112.7437158704376,87.36108597998515,39.58940443690796,,34.73508421799437,76.39177960386307,21.17498108748112,51.85046706524634,50.79130046892186
2013-08-31,1616.268594797857,4.54,,114.39486423770818,167.008,-0.2889031573073227,,114.39486423770818,85.41064155582927,46.663498821747744,,48.69513101085861,75.02686359721815,29.947128145380486,57.14865262620687,53.495139022647116
2013-09-30,1688.0895666728495,4.64,,112.94178875790976,167.008,-0.1262623432859824,,112.94178875790976,87.43520883616715,50.61858020273318,,37.663626835696604,73.88505864279355,42.425517936693744,58.40559849081684,55.80157272742334
2013-10-31,1763.9523397132484,4.53,,112.706432895804,167.22875,-0.1717400294400237,,112.706432895804,89.22990501111165,47.738592694028334,,32.90913746070338,73.74812763906895,39.43126506901938,56.611405574786346,57.38855223060333
2013-11-30,1821.7406376116064,4.63,,112.83740780752458,167.22875,-0.6974846240352549,,112.83740780752458,90.18904203783727,52.33048354191805,,32.133931709999054,73.48219653799195,10.659004054302605,51.758931576409786,55.591978547337646
2013-12-31,1872.929166616356,4.62,,116.99892221770035,167.22875,-0.4147065825951743,,116.99892221770035,90.76526853477458,52.234110252982816,,69.64711302427871,74.67647094696402,26.100149910392034,62.68462253387844,57.01831989502484
2014-01-31,1831.2520547186432,4.49,,119.97275021768084,175.12125,-0.3125933172547605,,119.97275021768084,88.69463766647709,47.66708283124883,,86.28792052388488,92.97642731867212,35.280695580742766,70.18135278420513,61.54163563149777
2014-02-28,1919.632855728584,4.45,,116.93386843996376,175.12125,-0.5334388406808507,,116.93386843996376,90.71550011703681,46.63661855542441,,67.63821156940887,89.999802076361,21.33365026660759,63.264756516967736,65.37691061168375
2014-03-31,1882.5932177364912,4.38,,111.91089692623676,175.12125,-0.5460287007530141,,111.91089692623676,88.83756305589527,44.58330415691016,,25.161651174316535,87.27370059957165,22.074589353370435,53.586161668012814,62.34409032306187
2014-04-30,1868.971855987823,4.24,,110.13918334515516,176.30925,-0.4846885527981275,,110.13918334515516,87.55517051165253,39.83296172255451,,17.11055121714612,86.93752847235251,27.222752345360473,51.731792853813225,56.19423701293124
2014-05-31,1932.9718384900464,4.16,,111.99305684640922,176.30925,-0.633530877952,,111.99305684640922,88.88181296238614,37.42797670407486,,29.452677408223355,84.51968583655874,19.787386773890837,52.01390793702679,52.443954152950916
2014-06-30,1992.4470957577803,4.25,,112.77980914792737,176.30925,-0.6772495327059914,,112.77980914792737,89.80340865767943,41.55708930400668,,34.96805992073415,82.32963564528335,19.404402407335162,53.612519187007756,52.4527399926159
2014-07-31,1989.9234450963156,4.16,,116.48189554253292,176.45749999999998,-0.4822381279256622,,116.48189554253292,88.76944508238202,38.55928464028699,,66.05036298377806,80.76956957832442,33.668537423244096,61.56343994160312,55.729955688545864
2014-08-31,2081.981975701171,4.08,,115.7835292212866,176.45749999999998,-0.7271723313169839,,115.7835292212866,90.41546454676008,35.963378469372614,,59.838689991185014,79.05157786521914,19.495848990691922,56.95299197264576,57.376317033752194
2014-09-30,2054.1899117813214,4.11,,113.92457202232832,176.45749999999998,-0.3894738880589434,,113.92457202232832,88.6182431199128,37.72320377174071,,44.53299695517837,77.53731946874267,45.50503784931117,58.78336023297714,59.09993071574198
2014-10-31,1708.268482276951,3.92,,112.44068414937897,175.5685,-0.3253178278675616,,112.44068414937897,72.01316274414346,30.891342026314312,,33.52611117526884,73.36276513499509,53.88418736316337,52.735513688777026,56.15728863146662
2014-11-30,1770.0520329170024,3.92,,113.9438190810403,175.5685,-0.3927384022175801,,113.9438190810403,75.10327757650258,31.479776790231174,,45.94598160007016,72.19502666762003,49.796087207004234,54.904029968285634,55.47430129667992
2014-12-31,1742.676562706359,3.79,,113.12665472410112,175.5685,-0.0358534568116115,,113.12665472410112,72.80794724947036,27.276026190211134,,40.20442366867961,71.3022304546053,87.8150625161241,59.8811380158181,55.840227224293564
2015-01-31,1702.9855497375463,3.46,,111.07843967876026,182.922,0.3770520549149852,,111.07843967876026,69.64712358625074,17.775467120431138,,25.405273255381385,89.46861884603877,95.75067651094199,59.60943186380881,58.1315332826375
2015-02-28,1817.6559728736647,3.61,,110.65210944723778,182.922,-0.1503429893759825,,110.65210944723778,76.20361246039835,22.634659538902714,,23.43885222076376,86.8066996647842,70.53691258612814,55.92414729419543,58.471572391274094
2015-03-31,1783.2427417953477,3.64,,109.6202339292156,182.922,-0.0860134203786599,,109.6202339292156,73.46740407291075,24.148442572571586,,18.794726579728973,84.39503741687028,74.13671096183235,54.98846432078279,56.840681159595654
2015-04-30,1806.2577915433533,3.52,,108.00363223790032,182.94,-0.0182698533290713,,108.00363223790032,74.23859258801411,20.727386525933607,,13.058775298392533,82.31313483393963,77.05239288096062,53.478056425448095,54.79688934680875
2015-05-31,1843.9101602215544,3.98,,109.85225209445385,182.94,-0.23640600718618,,109.85225209445385,75.89750533611644,39.43413751839731,,23.993408313427185,80.39846408975339,59.064110178609,55.75752508726067,54.74134861116383
2015-06-30,1805.1811285481451,4.19,,108.65924099026344,182.94,0.1476115572354226,,108.65924099026344,72.94980178388731,50.1411912587311,,18.467578511947345,78.67904957868632,84.45335769930362,60.938195766511136,56.724592426406616
2015-07-31,1865.2646409410063,4.15,,108.03364875985046,182.79125,-0.2707275108726593,,108.03364875985046,76.1658721647294,48.60810021175962,,17.59495389943012,76.62062001254077,53.7101392653484,54.53993711076166,57.078552654844465
2015-08-31,1739.701083493008,4.04,,105.5215742712014,182.79125,0.6516086129022439,,105.5215742712014,67.00978972060206,43.468688018225066,,11.498399853419892,75.16792382740364,93.91526813729062,58.21201391138826,57.89671559622034
2015-09-30,1692.7890586260048,4.07,,104.87874982807308,182.79125,0.4242836237848253,,104.87874982807308,62.674865850145544,45.32573755210093,,12.534118087025112,73.90348602914949,86.33057382505417,56.15375626869506,56.30190243028164
2015-10-31,1861.2590785766488,3.95,,103.08118988788011,182.0085,-0.1846996974887575,,103.08118988788011,74.83379266459953,39.90475753643379,,11.07052153042501,69.74406372243817,54.45117601949704,50.000862294678704,54.78887749158733
2015-11-30,1872.513796889113,4.06,,99.82882082080636,182.0085,-0.1812793442240932,,99.82882082080636,74.98347000389066,46.00835024720566,,8.519935673733663,68.88230028701031,53.33487630184766,50.345786502737596,52.16680168870377
2015-12-31,1840.227664137584,3.97,,100.0,182.0085,-0.0052770477187226,,100.0,72.08228373646747,42.06298360211511,,11.467639742336955,68.61864632100485,64.17914787386036,51.68214025515696,50.6762630175244
2016-01-31,1712.033821193637,4.0,,102.37229768955724,198.76925,0.208032711222375,,102.37229768955724,61.07144374277882,44.36561510855073,,18.47899013090171,97.23140375517842,74.95622332455204,59.22073521239235,53.74955399009561
2016-02-29,1689.8657873848686,3.96,,101.45533577164868,198.76925,0.185746854364435,,101.45533577164868,58.528362576970714,42.95260446816342,,17.724158137086935,94.14808277966655,72.15283061980276,57.10120771633808,56.001361061295775
2016-03-31,1804.6884304514365,3.82,,101.39411572397496,198.76925,-0.2019373195504357,,101.39411572397496,67.99368591358022,35.642652733872495,,19.733652014701946,91.11091051785607,46.00915439527567,52.09801111505728,56.13998468126255
2016-04-30,1767.6077090965002,3.62,,101.2859157792014,198.48425,-0.3113080683597356,,101.2859157792014,64.25698978034828,25.300793440475992,,21.386888999080764,87.93283821766828,37.813926233711676,47.338287334257,52.1791687218841
2016-05-31,1828.6851185914188,3.65,,99.95146716160782,198.48425,-0.2572314714379058,,99.95146716160782,68.8961322624526,27.082232143125225,,19.6450313507542,85.34174261411945,40.017200254189234,48.19646772492815,49.21092205808079
2016-06-30,1796.3398716405204,3.5,,102.33952773953716,198.48425,0.3443749771795925,,102.33952773953716,65.53981820059963,19.78178730227157,,29.007389582080922,82.98619845632714,78.733464990746,55.20973170640506,50.24816225519672
2016-07-31,1907.6116985739104,3.28,,106.15162925297028,198.78000000000003,-0.1950992273170513,,106.15162925297028,74.13566165596262,11.7529479983419,,46.794719385451145,81.27921089666181,40.00460933007115,50.793429853297724,51.39987642821029
2016-08-31,1921.069039891156,3.32,,105.9149160683964,198.78000000000003,-0.3415844481485354,,105.9149160683964,74.65002669121984,13.996338287657684,,47.4623494273795,79.27042895873812,26.729649728647225,48.421758618728475,51.4749733928104
2016-09-30,1953.59697245764,3.41,,103.11609554391494,198.78000000000003,-0.3980045936762399,,103.11609554391494,76.75947216150017,18.352147989397764,,34.7744312468474,77.41972190912774,23.11769370964014,46.084693403302644,48.43329395844293
2016-10-31,1915.1333997353852,3.51,,101.45733978116118,199.22925,-0.2354443001327149,,101.45733978116118,73.21465318948682,23.692785983805564,,28.43137175988833,76.59432911485172,34.1431297227163,47.215253954149745,47.240568658726936
2016-11-30,1946.560160295596,3.86,,106.47547830442264,199.22925,0.2953032051949951,,106.47547830442264,75.3820866096751,45.58338636671287,,58.069422582122435,75.04964559615901,75.27246704350998,65.87140163963588,53.05711633236274
2016-12-31,1970.5699618655528,4.06,,112.5467266105432,199.22925,0.0529508996978101,,112.5467266105432,76.96559005686869,59.460933991797205,,86.7301095446374,73.65708823070612,56.06158724151285,70.57506181310445,61.22057246896335
2017-01-31,2054.705668068133,3.92,,113.45264373188854,216.441,0.1061814281764613,,113.45264373188854,82.55132776823056,49.587078293223016,,87.98206291828473,92.63108153273382,62.02504827201537,74.9553197568975,70.46726106987926
2017-02-28,2135.936641125147,3.95,,111.20141209991318,216.441,0.0841781736520856,,111.20141209991318,86.55889040565033,51.592772608516334,,80.6489610426414,89.6897586629388,59.2534371356719,73.54876397108374,73.02638184702855
2017-03-31,2166.746849458957,4.01,,111.8210084804668,216.441,-0.0212747007252884,,111.8210084804668,87.22333540308013,55.79128561411048,,81.90469209852807,87.00210255326321,49.41558443889065,72.26740002157452,73.59049458318525
2017-04-30,2215.5701879659628,3.87,,109.07747473113272,216.45875,-0.0761409217963902,,109.07747473113272,88.5973226884812,46.02062769988376,,70.07395559615458,84.58152272895103,44.611945905797995,66.7770749238537,70.86441297217064
2017-05-31,2280.060561358317,3.85,,109.2145808873633,216.45875,-0.2143425028531066,,109.2145808873633,90.47085923633225,44.55530782149443,,70.97861027161927,82.37113110655152,32.514173534360886,64.17801639407168,67.74083044649994
2017-06-30,2249.547452369413,3.68,,111.73374232616446,216.45875,-0.268336060057538,,111.73374232616446,88.46779881710573,33.10876283607231,,80.29578506772374,80.36268056624098,29.773883091552523,62.401782075739064,64.45229113122146
2017-07-31,2326.9263980499136,3.7,,115.92592607172094,217.358,-0.2642598599971792,,115.92592607172094,90.70367786316955,33.82191353065592,,88.7085201375926,79.60821357404629,30.050212871795356,64.57850759545194,63.71943535508754
2017-08-31,2361.6742546292257,3.63,,118.65057419867946,217.358,-0.1783255336431643,,118.65057419867946,90.96802335562629,29.164890735764047,,90.12533474553892,77.90799035034694,38.34100837986014,65.30144951342727,64.09391306153941
2017-09-30,2376.705895512553,3.63,,117.48915493711092,217.358,-0.3553038389230403,,117.48915493711092,90.52981164567062,28.884599818618966,,85.43821155746211,76.38660429572903,23.320975076948237,60.91204047888579,63.59733252925499
2017-10-31,2465.872362957889,3.6,,119.657952279631,217.4305,-0.15187756059342,,119.657952279631,92.39786212776026,26.837644917419677,,86.61978057491945,75.23744736406805,43.86235564799392,64.99101812643228,63.73483603958176
2017-11-30,2519.8730199663105,3.57,,120.6028248826134,217.4305,-0.2092656270584912,,120.6028248826134,92.89435297963769,24.98399389285499,,85.7790037000767,74.26158192143573,37.54993201521478,63.093772901843984,62.99894383572067
2017-12-31,2534.1758012888527,3.51,99.0,124.38125481976566,217.4305,-0.1634975314728097,99.0,124.38125481976566,92.37175102696563,22.08117599621354,,88.67384937779316,73.74962097291755,43.41537017519117,64.05835350981621,64.04771484603081
2018-01-31,2729.256329024709,3.55,99.0,129.03666760095797,236.9875,0.0296918037397534,99.0,129.03666760095797,95.2524875831403,24.59500419364549,,90.70405376693869,92.77403713160398,66.87948368622506,74.04101327231069,67.06437989465694
2018-02-28,2675.041938994791,3.82,99.0,124.05784731713749,236.9875,0.202683435463534,99.0,124.05784731713749,93.24760968038328,41.83726261399881,,81.88906119981507,89.83669479112997,82.27231595163241,77.81658884739191,71.97198520983959
2018-03-31,2584.2262373132007,3.87,99.0,122.61592653282908,236.9875,0.546255974448538,99.0,122.61592653282908,89.93922631281916,45.48899080857347,,77.34845036354592,87.1519690133009,92.861290870586,78.55798547376509,76.80519586448922
2018-04-30,2590.433353660339,3.85,99.0,122.6510543153988,236.77,0.1039444916114475,99.0,122.6510543153988,89.16361202172332,43.89145459927612,,75.74907301507552,84.55563756213323,66.73900866431232,72.0197571725041,76.13144383122035
2018-05-31,2718.0314448717595,4.0,99.0,121.96770639702702,236.77,0.179465483512893,99.0,121.96770639702702,91.61862182054765,54.6539871788765,,72.78933365220325,82.38114314881219,71.65323422236179,74.61926400456026,75.0656688836098
2018-06-30,2743.771509822748,3.96,99.0,124.64765072850469,236.77,0.0995703139339412,99.0,124.64765072850469,91.20244877103289,52.14328448443099,,77.38173411575347,80.4117984034127,66.28084747444535,73.48402264981509,73.37434794229314
2018-07-31,2815.63134282392,3.87,99.0,121.16291177279224,237.24475,0.1170419598958896,99.0,121.16291177279224,91.73782277504627,46.06240603247974,,67.07185814926537,79.12519586620199,66.66457833422176,70.13237223144303,72.74521962860611
2018-08-31,2967.493479428868,3.88,99.0,119.90227280226172,237.24475,-0.1609728136493037,99.0,119.90227280226172,93.49360050969877,47.54733163325594,,61.87275834166031,77.47897222680373,36.550885881070776,63.388709718497914,69.00170153325199
2018-09-30,2954.57994229973,3.98,99.0,117.93554028293369,237.24475,-0.0754025822574806,99.0,117.93554028293369,92.08078772277017,56.30138633746815,,53.51918739723326,76.01502553232518,43.880868564821654,64.35945111092367,65.96017768695485
2018-10-31,2701.4779798372524,4.14,99.0,118.20840970638304,236.89075,0.3612036586195524,99.0,118.20840970638304,84.19190672346609,69.25334532921823,,52.23312901161802,74.22612480482556,83.57860287739324,72.69662174930424,66.81492752624193
2018-11-30,2711.58276236229,4.22,99.0,119.4798402995557,236.89075,0.3235184672907417,99.0,119.4798402995557,83.60208321054728,75.89112778226064,,55.81631931861411,73.17900941780829,80.84953348270221,73.86761464238651,70.30789583420479
2018-12-31,2461.542938855986,4.02,99.0,119.3716191305756,236.89075,0.9273281820071452,99.0,119.3716191305756,71.62600248721886,62.700628505537146,,54.10775569037596,72.5174535389312,95.44205547503213,71.27877913941906,72.61433851036992
2019-01-31,2688.0913521323155,3.93,99.0,120.1917224147847,250.6095,0.6007648999317166,99.0,120.1917224147847,81.36637907873325,55.854890676009425,,56.78765229088047,88.18116798620792,84.87792020988405,73.41360204834304,72.85333194338286
2019-02-28,2772.0644218319653,3.79,99.0,121.25712494251616,250.6095,-0.0778739659359571,99.0,121.25712494251616,83.54200839020216,43.33051075338511,,60.32566890363612,85.65815220424851,39.7440322814891,62.5200745065922,69.07081856478476
2019-03-31,2856.9629704188114,3.77,99.0,121.67182256910856,250.6095,0.2190558155686193,99.0,121.67182256910856,85.32672745811493,42.08014983300919,,60.86420985309488,83.37566032265184,62.088330391675804,66.74701557170933,67.5602307088815
2019-04-30,2996.279436750102,3.69,99.0,119.18328654812954,250.23425,-0.1279002549864338,99.0,119.18328654812954,88.10092552383666,34.86232477264319,,44.747990833363275,80.9000361908218,35.542357215502165,56.83072690723342,62.03260566184496
2019-05-31,2756.1878858851323,3.67,99.0,117.08479166848272,250.23425,0.358805546682175,99.0,117.08479166848272,79.60742823753758,33.55174516328265,,27.71417527970183,79.04989441495186,70.3419113867869,58.05303089645217,60.54359112513163
2019-06-30,2965.1907599279925,3.42,99.0,116.68363019463584,250.23425,0.3452639980702525,99.0,116.68363019463584,85.58554455199015,15.46872039471955,,21.513017247467275,77.37430264299365,67.96668770447873,53.58165450832988,56.155137437338475
2019-07-31,3026.0454127350904,3.29,99.0,120.6471108903006,250.495,0.3959695292180339,99.0,120.6471108903006,86.21058440154054,10.475722419223475,,48.89669243788328,76.17450417400967,69.86990608647064,58.325481903825526,56.65338910286918
2019-08-31,2957.076393286862,2.98,99.0,118.586949068043,250.495,0.6014149117181428,99.0,118.586949068043,83.28452012997532,4.262747484699487,,31.6874903887861,74.76719091341299,79.8460796641812,54.76960571621102,55.558914042788786
2019-09-30,2979.762574261636,3.03,99.0,117.80239938175322,250.495,0.1662126258139805,99.0,117.80239938175322,83.0467186646364,6.292825835259882,,25.83735375348557,73.55711774911062,47.7846146716384,47.303726134826185,53.46627125162089
2019-10-31,3089.559504929773,3.01,99.0,116.1579355349599,250.4955,-0.0258076599794139,99.0,116.1579355349599,85.24463268791771,7.131312043765195,,18.149043952426663,72.61268047900319,31.484039990364153,42.92434183069538,48.33255789391084
2019-11-30,3219.1949818046637,3.06,99.0,118.15544609528104,250.4955,0.0716334431637544,99.0,118.15544609528104,87.40909817738142,9.568798242295037,,31.241243811413337,72.13790115398916,37.766691521541205,47.62474658132403,45.950938182281845
2019-12-31,3333.2098321303883,3.01,99.0,120.84891247026614,250.4955,0.2665490385297572,99.0,120.84891247026614,88.77954614264917,9.425424774043538,,53.95979249124744,72.79091588943034,53.74120853344652,55.7393775661634,48.76282199272759
2020-01-31,3403.75446584277,2.94,99.0,120.77662822008205,265.2695,0.4219731977213871,99.0,120.77662822008205,89.11266285135525,8.693981380247987,,58.06794753418738,92.70344402765787,66.35071500350838,62.98575015939137,55.44995810229292
2020-02-29,3187.6484310166406,2.78,99.0,117.82862123100983,265.2695,1.614280730657808,99.0,117.82862123100983,83.22678057152153,6.745422292931023,,28.480758927827793,89.76888502119121,96.8308346353139,61.010536289757084,59.911888005103926
2020-03-31,2887.5354599361867,3.02,99.0,112.16734257515726,265.2695,2.7931156859112423,99.0,112.16734257515726,72.56806504980324,13.53047279899395,,5.62707416695674,87.08751477062218,97.73737685449885,55.310100728174994,59.76879572577446
2020-04-30,3321.991574226675,2.43,99.0,106.64170896836264,271.16975,1.3991611443842416,99.0,106.64170896836264,85.34878580127027,4.153489741426721,,3.241740105237212,89.78026535440921,80.65179447879697,52.63521509622808,56.3186173713867
2020-05-31,3529.6396950357303,2.5,99.0,107.80032469678412,271.16975,1.6863768036420004,99.0,107.80032469678412,88.69126578533965,6.167172076023088,,7.5540649304992575,87.16826516137142,83.99098219930985,54.714350030508655,54.21988861830389
2020-06-30,3729.273073003895,2.44,99.0,113.91497375680656,271.16975,1.121393529129429,99.0,113.91497375680656,90.8864397204147,6.549520478468524,,27.98381381769328,84.81184314733883,68.87426919872698,55.82117727252846,54.390247466421705
2020-07-31,3991.3002813330886,2.14,99.0,125.652417030907,266.733,1.2413743684548078,99.0,125.652417030907,93.00015383649233,4.615042637167403,,86.47051926298208,77.30086785771636,70.85327394040519,66.44797150695267,58.994499603329906
2020-08-31,4395.96302131842,2.25,99.0,125.70546888947456,266.733,0.795592579417149,99.0,125.70546888947456,95.29446522975076,6.962005303399707,,84.51528681297373,75.64537367879768,55.45392234553279,63.574210674090935,61.94778648452401
2020-09-30,4165.822180212911,2.31,99.0,124.61952006814606,266.733,0.9012440607130432,99.0,124.61952006814606,92.18822382200959,8.938072778121558,,79.1846327275971,74.12514775431649,57.895262046475295,62.46626782570401,64.16281666891585
2020-10-31,4049.6727116357697,2.35,99.0,126.55633426110964,265.19725,1.678668130042696,99.0,126.55633426110964,89.67098076831567,10.723468784847787,,82.88455008610434,69.98875841170545,78.946495055126,66.44285062121986,64.16110970700491
2020-11-30,4516.864942006484,2.3,99.0,128.7078131034959,265.19725,0.7563337651136401,99.0,128.7078131034959,93.49759090758843,10.970194329838208,,85.66413711501583,68.75794988989279,50.03107339990343,61.78418912844774,63.56443585845718
2020-12-31,4754.326851025074,2.26,99.0,138.12214600340192,265.19725,0.9423097617935012,99.0,138.12214600340192,94.1330663889297,11.399314817061244,,93.98686376629712,67.70320481046267,56.54893210878985,64.75427637830812,64.32710537599189
2021-01-31,4790.189288277211,2.45,99.0,141.11599336852387,294.00875,1.0991656516889623,99.0,141.11599336852387,93.27686679756196,16.11854816601472,,92.8825724523469,95.32292596216317,61.16757938308444,71.75369855223424,66.09738801966336
2021-02-28,4811.69254568471,2.7,99.0,145.45904040342896,294.00875,0.4213742770766965,99.0,145.45904040342896,92.36012519580488,23.492997414488737,,92.56437264347588,92.20508839893188,36.70045979250797,67.46460868904187,67.99086120652807
2021-03-31,4869.517183742376,3.04,99.0,145.6155330720538,294.00875,0.1463951011260806,99.0,145.6155330720538,91.74528275489334,35.87168486340484,,89.65614569088721,89.27862877427724,28.18597457170141,66.9475433310328,68.72195019076962
2021-04-30,5136.900328810337,2.9,99.0,147.44464448861189,293.863,0.0882258625969531,99.0,147.44464448861189,92.77365813467604,31.090850781326484,,88.20486808282311,86.5294694947485,25.93946270784261,64.90766184028335,66.43993795345266
2021-05-31,5073.233692021388,2.96,99.0,153.75667945155348,293.863,0.0297175946893436,99.0,153.75667945155348,91.16101606685757,33.77844903547422,,89.70768434750946,84.12768260454979,25.0734347308617,64.76965335705054,65.54161950945554
2021-06-30,5362.5046012405255,2.79,99.0,152.9074841266814,293.863,-0.043732927662419,99.0,152.9074841266814,92.34020989960649,28.200912767185116,,86.34371864029563,81.94810272487776,24.01400304359348,62.569389415111694,64.08223487081517
2021-07-31,5463.5748165705845,2.57,99.0,153.55302089768432,293.5895,0.096760489527483,99.0,153.55302089768432,91.9419539057959,21.977951679183665,,84.30853397352077,79.71684367713837,28.41419059331483,61.27189476579071,62.87031251265097
2021-08-31,5675.177965564386,2.55,99.0,153.56339596573878,293.5895,-0.379877801292584,99.0,153.56339596573878,92.28190745952496,22.07683217238205,,81.97594973620308,77.91023254540717,18.90588117570178,58.63016061784382,60.82381493291539
2021-09-30,5360.830558472548,2.53,99.0,150.8740476562509,293.5895,0.0386773046128101,99.0,150.8740476562509,88.69512098636483,22.22065163288687,,77.35081955908846,76.25953770237265,29.114053379502508,58.728036652043066,59.543364011892514
2021-10-31,5767.734681812761,2.68,99.0,154.2470716024419,295.003,-0.4392539894151554,99.0,154.2470716024419,90.99224354612218,27.26767994257863,,78.79174758273352,76.28533795036971,18.937196643030177,58.45484113296685,58.60434613428456
2021-11-30,5802.02039067347,2.62,99.0,154.81232729584568,295.003,0.1555532841742564,99.0,154.81232729584568,90.17479953119782,26.081325967457236,,77.41915123997045,74.92120038748958,33.17297583204393,60.3538905916318,59.17892279221389
2021-12-31,5873.031744707158,2.65,99.0,154.82765681595953,295.003,-0.1116491261437988,99.0,154.82765681595953,89.67101919951696,27.65133442617614,,75.60359133901768,73.77789008336335,26.768439986083465,58.69445500683152,59.167728910476704
2022-01-31,5378.669947089208,2.93,99.0,161.9550501465212,327.65,-0.0402475872788757,99.0,161.9550501465212,83.96755934866232,38.01273236275052,,80.3633865765873,93.65235785847909,29.350770591526516,65.06936134760114,61.37256898202147
2022-02-28,5161.0721794227375,3.25,99.0,161.25506762009545,327.65,0.0850104150650124,99.0,161.25506762009545,80.43427299831616,51.22995225458891,,77.82577955855098,90.70120654675662,34.114787769961055,66.86119982563476,63.54167206002246
2022-03-31,5353.137969318299,3.43,99.0,161.28426012082858,327.65,-0.0647251728771471,99.0,161.28426012082858,82.09050206354507,59.03038341416816,,76.30494319241336,87.99240146376962,29.906698468419286,67.06498572046311,66.33184896456632
2022-04-30,4664.206036756078,3.76,99.0,160.07853648349294,328.41125,0.4060696710033503,99.0,160.07853648349294,71.03119225928488,71.50030988562236,,74.01414382176857,85.76091395285943,48.53141911193043,70.16759580629314,68.03126045079699
2022-05-31,4590.624807404788,4.13,99.0,155.13950209082068,328.41125,0.0104286228082969,99.0,155.13950209082068,69.09771037214821,81.95989831633592,,66.559472349878,83.36743153794161,34.347910957731486,67.06648470680705,68.09968874452109
2022-06-30,4185.9194701276765,4.24,99.0,154.3802748902854,328.41125,-0.2334367617898732,99.0,154.3802748902854,60.535448743464826,83.86848098972251,,64.13256819268338,81.18471108828014,26.84602879917189,63.31344756266456,66.84917602525489
2022-07-31,4686.069307722597,4.06,99.0,144.47259873654767,329.6765,-0.242505207519221,99.0,144.47259873654767,69.86947326502566,79.137427979485,,42.585034330029984,80.08488337713717,27.867151306020748,59.908794051539715,63.42957544033709
2022-08-31,4456.607231786797,4.07,99.0,147.31821071178544,329.6765,-0.0422467659878103,99.0,147.31821071178544,64.83346078132365,78.95038677138606,,46.420485221259824,78.3230138491513,37.513621899429275,61.20819370451002,61.476811772904746
2022-09-30,3994.817640719015,4.59,99.0,143.22849011776097,329.6765,0.3034514939195367,99.0,143.22849011776097,54.351706930580825,88.58820005564712,,33.55087795721221,76.73580831796171,55.53276992193727,61.75187263666783,60.95628679757251
2022-10-31,4176.540201908082,5.1,99.0,139.81202425417848,330.07899999999995,0.0988184662330451,99.0,139.81202425417848,57.88404246463341,93.25923026118934,,22.176093716634444,75.71665837599181,48.04000343491895,59.4152056506736,60.79175733061714
2022-11-30,4386.443021823767,4.9,99.0,144.6605521962252,330.07899999999995,-0.2573110643454773,99.0,144.6605521962252,61.96856775438619,90.12436742934001,,29.26247540957034,74.62318799156536,27.78528518116626,56.75277675320564,59.30661834684901
2022-12-31,4013.201418604412,4.43,99.0,150.76959362707285,330.07899999999995,-0.381112430333206,99.0,150.76959362707285,52.96288780867455,81.9254424303872,,47.72851400710138,73.90629786453025,21.763843954888394,55.65739721311636,57.275126538998514
2023-01-31,4416.197820613719,4.4,99.0,153.1305280791025,351.671,-0.3413835107376124,99.0,153.1305280791025,61.70450712724255,80.64378134860348,,55.23036393349317,87.73103387919653,21.160735927841,61.29408444327536,57.90141946986577
2023-02-28,4370.434112691279,4.56,99.0,151.3464151538709,351.671,-0.367756631422922,99.0,151.3464151538709,60.12930531245413,83.11290120821337,,46.81433466278881,85.22410766938239,20.61096418448362,59.17832260746446,58.70993475461872
2023-03-31,4700.007185152373,4.6,99.0,151.90879088226947,351.671,-0.3810848415076311,99.0,151.90879088226947,66.86201861855011,83.20553244846856,,48.024969878439435,82.95223877645944,21.666974953034043,60.54234693499032,60.338251328576696
2023-04-30,4718.277913093601,4.47,99.0,149.23458549985045,352.627,-0.6157104397779184,99.0,149.23458549985045,66.67189559537019,80.2321888959345,,36.304769152726074,81.48957537777447,11.99678337562038,55.339042479485116,58.353237340646615
2023-05-31,4998.533769357327,4.67,99.0,145.26097574224158,352.627,-0.4298895458778874,99.0,145.26097574224158,71.87655834988375,83.3663111524324,,23.839190379356214,79.58093343018258,24.008629697235392,56.53432460181807,57.47190467209782
2023-06-30,5325.255623555682,4.65,99.0,147.55871175323983,352.627,-0.6066511302047162,99.0,147.55871175323983,77.24006432453443,82.44712220723778,,32.65138497997823,77.84930012231983,16.24237532440278,57.28604939169462,56.386472157665914
2023-07-31,5531.754197500492,4.66,99.0,152.72933502490153,352.9775,-0.6199198609563535,99.0,152.72933502490153,79.87818358249093,82.00599946605503,,53.79356954681006,76.57327603353039,17.88919399445215,62.028044524667706,58.616139506060115
2023-08-31,5424.970509106044,4.95,99.0,152.04173363149326,352.9775,-0.8790041467265378,99.0,152.04173363149326,77.39032674703033,85.78175081124509,,51.173590294691415,75.19718984101512,10.65349504406152,60.0392705476087,59.78445482132366
2023-09-30,5136.964919701743,5.13,99.0,149.317152144446,352.9775,-0.5717814217018256,99.0,149.317152144446,71.39182575065921,87.3071872934875,,40.11269111040445,74.04326648635478,25.703526419340477,59.71169941204928,60.59300482810855
2023-10-31,5013.751882929747,5.61,99.0,146.01027564646168,352.79825,-0.5751537562254111,99.0,146.01027564646168,68.24020727480227,91.22546645033015,,29.17276326219003,72.91422053489593,26.151532465715576,57.5408379975868,59.09726931908158
2023-11-30,5544.565099718106,5.28,99.0,148.6798589612542,352.79825,-0.8162691664480038,99.0,148.6798589612542,77.95480869979625,87.11588629257983,,40.05571102873506,72.44685534341684,16.671179791224937,58.84888823115059,58.70047521359553
2023-12-31,5845.589967358103,4.74,99.0,151.44240610296794,352.79825,-0.7728926431099271,99.0,151.44240610296794,82.17808093925213,78.74563169441669,,52.029734188887986,73.10653264781024,20.65279771797917,61.34255543766925,59.244093888802205
2024-01-31,5927.421796609008,4.87,99.0,154.91988566035494,376.445,-0.3489673978566852,99.0,154.91988566035494,82.69829669419362,80.33625483234249,,68.28944254171361,92.0451307341081,47.77813135115111,74.2294512307018,64.8069649665072
2024-02-29,6259.262574251448,5.03,99.0,150.77303634264604,376.445,-0.6862740684307256,99.0,150.77303634264604,86.28398465600536,82.06997415177236,,52.68100274191935,89.21782317251785,27.103386958994875,67.47123433624196,67.68108033487098
2024-03-31,6360.252165124636,5.01,50.0,152.6191617089925,376.445,-0.6015910533821881,50.0,152.6191617089925,86.65059916528368,81.05382851129399,1.798620996209156,64.74717357121821,86.64880406384687,33.67596463047572,59.0958318230546,66.93217246333278
2024-04-30,6075.859728390504,5.28,50.0,157.44529650958862,377.38475,-0.4424759932307422,50.0,157.44529650958862,82.1838458833887,83.9600003632615,3.744228707139139,85.7002159627027,84.91845934982237,47.0995617517555,64.60105200301166,63.72270605410273
2024-05-31,6451.803837759896,5.25,50.0,163.55579046259493,377.38475,-0.7799184694565691,50.0,163.55579046259493,86.43342766281825,82.72846498623413,6.978185886556589,93.53761583225587,82.75142797530222,23.652600186454602,62.68028708827028,62.12572363811216
2024-06-30,6820.386295232949,5.13,50.0,162.510868608612,377.38475,-0.7388084100489399,50.0,162.510868608612,89.39794909558348,80.24247625892804,10.074377529374596,89.69093390709784,80.7979486451947,27.925303583851097,63.02149817000496,63.434279087095625
2024-07-31,6757.36884996408,5.12,50.0,162.39180151705898,377.47175,-0.6024453535875045,50.0,162.39180151705898,87.93464219448873,79.30629821442903,12.917025594960988,86.85666866453863,79.05973762579917,39.34491568367061,64.23654799631454,63.312777751529914
2024-08-31,6831.892177006446,4.87,50.0,159.2174387189058,377.47175,-0.6554933595677429,50.0,159.2174387189058,87.91365651029783,74.59874654774367,15.504309758627011,77.49755458341198,77.42326423317881,36.50478604642069,61.57371961328,62.94392192653314
2024-09-30,7003.39433614048,4.68,50.0,158.62707395797716,377.47175,-0.5694116314300056,50.0,158.62707395797716,88.80495348921423,70.590267277376,17.864194884626354,74.17500218655606,75.97039871943029,46.51272794518302,62.319590750397666,62.709952786664054
2024-10-31,6948.613589839326,4.95,50.0,159.74078030918434,377.113,-0.344245749938165,50.0,159.74078030918434,87.46972051626703,74.73786940310923,20.02972936427332,76.71212608652691,74.29453745503129,77.37828497120951,68.43704463273622,64.11011833213794
2024-11-30,7349.610790380741,5.14,50.0,156.4826923515171,377.113,-0.2900859097943865,50.0,156.4826923515171,90.26186542506613,77.09316145080113,22.031827707873724,63.15590742725696,73.28383302947167,82.79187139170583,68.10307773869592,66.28657104060993
2024-12-31,7348.541435183164,5.2,50.0,159.10606969269864,377.113,-0.0893163436315019,50.0,159.10606969269864,89.33207201315884,77.27117394569657,23.89757107250639,72.28707850564508,72.69130562283256,91.42532309152227,71.15075404189363,69.23029213777524
2025-01-31,7507.818262893231,5.46,50.0,163.66552946557348,407.97825,-0.1126531552793666,50.0,163.66552946557348,89.73745383482688,80.22601412589093,25.650279868073355,83.56821532200594,93.80461029067487,88.42094441980302,76.90125297687918,72.05169491915622
2025-02-28,7279.266291094862,5.32,50.0,163.312819388127,407.97825,0.2923439748863236,50.0,163.312819388127,86.87368490474195,77.44801211018904,27.310116680910685,80.4881631768592,90.81610126967949,95.25382292462407,76.36498351116742,74.80566350998006
2025-03-31,6723.619561268543,5.29,50.0,162.90069214138134,407.97825,0.7064199610532281,50.0,162.90069214138134,79.43808771359966,76.25586116323456,28.894807909131003,77.4283372242821,88.0664632575685,96.12407636264881,74.36793893841077,75.87805847548577
2025-04-30,6791.466420298918,5.45,,158.11679621023583,409.02925,1.8439497100691824,,158.11679621023583,79.9218803921567,77.95797438050589,,59.72035383498228,86.09318278832207,97.62064402578302,80.26280708435,76.99857651130938
2025-05-31,7389.846095382258,5.54,,160.83787056491877,409.02925,0.8933059744444835,,160.83787056491877,86.86706078836097,78.53841322618766,,68.74615924361963,83.76684529443239,86.49086798393614,80.88186930730735,78.50420511002268
2025-06-30,7858.296038358426,5.46,,165.59356114163262,409.02925,0.2418796313013838,,165.59356114163262,90.25441978696479,76.6696428514247,,81.91211201593714,81.66044154332448,68.7169591925501,79.84271507804024,80.32913048989919
2025-07-31,8079.789177613432,5.45,,167.74307224997403,409.13375,0.2511126676461964,,167.74307224997403,90.88398821598113,75.93488830843283,,84.4048537527048,79.8121856690212,67.7195657347256,79.7510963361731,80.15856024050687
2025-08-31,8178.3466477492575,5.35,,165.54887449553624,409.13375,0.1219099552506575,,165.54887449553624,90.46513999351353,73.71235622223375,,76.96119793642467,78.06612445679683,61.981463114081045,76.23725634460997,78.61035591960776
2025-09-30,8612.402761509707,5.21,,166.083840928209,409.13375,-0.1212903723618674,,166.083840928209,92.16112718059371,70.6471386112503,,76.91914893849072,76.49193454069437,52.08886580018757,73.66164301424334,76.54999856500878
2025-10-31,8990.557606768456,5.13,,171.11836428198407,408.738,-0.1524562247240417,,171.11836428198407,93.06061302640882,68.55226568195611,,87.55807631268307,74.74810075941801,50.18821635116837,74.82145442632688,74.90678459506005
2025-11-30,8859.851472584796,5.26,,169.94974609911895,,-0.2555618553360441,,169.94974609911895,91.17948503066886,70.59415642060361,,83.85035677554447,,45.107005016664594,72.68275081087039,73.72194941714685
2025-12-31,8807.00895470199,5.31,,187.12361684972305,,-0.3674761168284678,,187.12361684972305,89.69241089836441,71.10260125012518,,96.72220562256678,,39.82665438149211,74.33596803813712,73.94672442511144
2026-01-31,8904.155822200188,5.34,,203.7534468073756,,0.1691249108233457,,203.7534468073756,89.20987556688938,71.20635121939333,,97.28203485342672,,60.71540848263071,79.60341753058505,75.54071212653083
2026-02-28,8684.189259490435,5.3,,118.65049980396282,,0.338434516053675,,118.65049980396282,86.53151799049297,69.82483645899941,,4.169082894359001,,65.738393658066,56.56595775047934,70.16844777306714
2026-03-31,8476.012471308612,,,,,0.451590077996431,,,83.76878011828333,,,,,68.38285552500435,76.07581782164384,70.74839770090273
