Date,SP500,NASDAQ,VIX,NVDA,BTC,SP500_ret_1m,SP500_mom_12m,SP500_vol_12m,SP500_drawdown,NASDAQ_ret_1m,NASDAQ_mom_12m,NASDAQ_vol_12m,NASDAQ_drawdown,VIX_ret_1m,VIX_mom_12m,VIX_vol_12m,VIX_drawdown,NVDA_ret_1m,NVDA_mom_12m,NVDA_vol_12m,NVDA_drawdown,BTC_ret_1m,BTC_mom_12m,BTC_vol_12m,BTC_drawdown,market_nasdaq_momentum_12m,market_nasdaq_momentum_12m_z,market_sp500_momentum_12m,market_sp500_momentum_12m_z,market_nvda_momentum_12m,market_nvda_momentum_12m_z,market_btc_momentum_12m,market_btc_momentum_12m_z,market_vix_level,market_vix_level_z,market_component_composite_z
2000-01-31,1394.4599609375,3940.35009765625,24.950000762939453,0.07078860700130463,,,,,0.0,,,,0.0,,,,0.0,,,,0.0,,,,,,,,,,,,,24.950000762939453,,
2000-02-29,1366.4200439453125,4696.68994140625,23.3700008392334,0.12223765254020691,,-0.020108083256356934,,,-0.020108083256356934,0.19194737142770046,,,0.0,-0.06332664831229085,,,-0.06332664831229085,0.7267983891525664,,,0.0,,,,,,,,,,,,,23.3700008392334,,
2000-03-31,1498.5799560546875,4572.830078125,24.110000610351562,0.16136234998703003,,0.09671982835364812,,,0.0,-0.026371735163800203,,,-0.026371735163800203,0.0316645162406608,,,-0.033667339755581116,0.3200707526181761,,,0.0,,,,,,,,,,,,,24.110000610351562,,
2000-04-30,1452.4300537109375,3860.659912109375,26.200000762939453,0.17022587358951569,,-0.030795755780191336,,,-0.030795755780191336,-0.1557394772708538,,,-0.17800409218551838,0.08668602653168556,,,0.0,0.05492931655493427,,,0.0,,,,,,,,,,,,,26.200000762939453,,
2000-05-31,1420.5999755859375,3400.909912109375,23.649999618530273,0.2179747372865677,,-0.021915050603417807,,,-0.052035915837315705,-0.11908585849738917,,,-0.2758921805489467,-0.09732828512036606,,,-0.09732828512036606,0.28050297343278197,,,0.0,,,,,,,,,,,,,23.649999618530273,,
2000-06-30,1454.5999755859375,3966.110107421875,19.540000915527344,0.2428048849105835,,0.023933549615877237,,,-0.02934777039493852,0.16619087535957133,,,-0.15555206817966571,-0.17378430314149595,,,-0.25419846005626245,0.11391296043344701,,,0.0,,,,,,,,,,,,,19.540000915527344,,
2000-07-31,1430.8299560546875,3766.989990234375,20.739999771118164,0.22919625043869019,,-0.016341275904170893,,0.04870781576559162,-0.04520946628591338,-0.050205393141981025,,0.14567629528975556,-0.1979479085846384,0.06141242576080175,,0.10196585735356016,-0.20839697835217608,-0.05604761402104774,,0.2767012007608501,-0.05604761402104774,,,,,,,,,,,,,20.739999771118164,,
2000-08-31,1517.6800537109375,4206.35009765625,16.84000015258789,0.3032073676586151,,0.06069910494167097,,0.049155769959594864,0.0,0.11663426464123394,,0.13996709061548804,-0.10440115269844397,-0.18804241376903408,,0.11146983565427444,-0.35725192128969374,0.32291591628687155,,0.2545279033321456,0.0,,,,,,,,,,,,,16.84000015258789,,
2000-09-30,1436.510009765625,3672.820068359375,20.56999969482422,0.3127574026584625,,-0.053482974719764265,,0.0512487889696512,-0.053482974719764265,-0.1268391876354168,,0.1392868077453145,-0.21799818293738915,0.2214964078645285,,0.14069033443405185,-0.21488553069353378,0.03149671155286682,,0.24819351808638754,0.0,,,,,,,,,,,,,20.56999969482422,,
2000-10-31,1429.4000244140625,3369.6298828125,23.6299991607666,0.23737305402755737,,-0.00494948542177065,,0.04804975443871553,-0.05816774693784643,-0.0825496974814528,,0.1331350455254222,-0.28255219636585394,0.1487603068225778,,0.14249500645155622,-0.09809166134865854,-0.24103138084065234,,0.2792160338176864,-0.24103138084065234,,,,,,,,,,,,,23.6299991607666,,
2000-11-30,1314.949951171875,2597.929931640625,29.649999618530273,0.15470746159553528,,-0.08006861010730892,,0.052486400268306616,-0.13357894639476842,-0.22901623561332107,,0.14342841305103285,-0.4468593916031913,0.25476092558474606,,0.1561540316057635,0.0,-0.34825179618923885,,0.3105311046577792,-0.5053435657141616,,,,,,,,,,,,,29.649999618530273,,
2000-12-31,1320.280029296875,2470.52001953125,26.850000381469727,0.12516221404075623,,0.004053445623728669,,0.04986177014291836,-0.13006695576672578,-0.04904285930025609,,0.13617086679596674,-0.473986988634054,-0.09443505136879127,,0.1526877672613793,-0.09443505136879127,-0.19097493585682168,,0.3092054043731049,-0.5998105465230636,,,,,,,,,,,,,26.850000381469727,,
2001-01-31,1366.010009765625,2772.72998046875,22.020000457763672,0.1972040832042694,,0.03463657667616449,-0.020402128400121344,0.048821693906375224,-0.09993545317701069,0.12232645700027178,-0.29632395301169034,0.13736770370841742,-0.4096416806176142,-0.17988826275918546,-0.11743487837996314,0.15629182191495775,-0.2573355567936704,0.5755880056584362,1.785816695059912,0.32617090000626076,-0.3694662971107344,,,,,-0.29632395301169034,,-0.020402128400121344,,1.785816695059912,,,,22.020000457763672,,
2001-02-28,1239.93994140625,2151.830078125,28.350000381469727,0.1707034409046173,,-0.09229073539585964,-0.0925631200299668,0.055437540021548874,-0.18300307210704558,-0.22393089363818341,-0.5418411466436479,0.13132214830087002,-0.5418411466436479,0.2874659306137417,0.2130936826444585,0.17492958259178035,-0.04384483149362639,-0.13438181334309396,0.3964882125699267,0.2741070980061291,-0.4541985594789296,,,,,-0.5418411466436479,,-0.0925631200299668,,0.3964882125699267,,,,28.350000381469727,,
2001-03-31,1160.3299560546875,1840.260009765625,28.639999389648438,0.24799758195877075,,-0.06420471080339152,-0.22571368223188504,0.046977418728485314,-0.235458123589672,-0.14479306313575746,-0.5975665007609057,0.1334241142563362,-0.6081793704238805,0.01022924177342377,0.18788878741678383,0.1750193158071355,-0.03406408910206593,0.4527977915649779,0.5368986754264813,0.28785632225526503,-0.2070608725780052,,,,,-0.5975665007609057,,-0.22571368223188504,,0.5368986754264813,,,,28.639999389648438,,
2001-04-30,1249.4599609375,2116.239990234375,25.479999542236328,0.3182005286216736,,0.07681436165439459,-0.1397451755111042,0.054422717094890674,-0.1767303273951597,0.1499679279037851,-0.45184501136798905,0.1432766575186267,-0.5494188424963933,-0.11033519255430746,-0.02748096182201587,0.1782365475103178,-0.14064081382610993,0.2830791579031362,0.8692841570546754,0.29410819315681463,0.0,,,,,-0.45184501136798905,,-0.1397451755111042,,0.8692841570546754,,,,25.479999542236328,,
2001-05-31,1255.8199462890625,2110.489990234375,22.639999389648438,0.3270244300365448,,0.005090187401275648,-0.11599326490830764,0.05449283340505054,-0.1725397304798142,-0.0027170831411059693,-0.3794337266271872,0.14130234906499797,-0.5506431089631463,-0.11145997659380769,-0.042706141444944445,0.17906710232114137,-0.23642496860272522,0.02773063091093242,0.5002859235316399,0.28828051568821705,0.0,,,,,-0.3794337266271872,,-0.11599326490830764,,0.5002859235316399,,,,22.639999389648438,,
2001-06-30,1224.3800048828125,2160.5400390625,19.059999465942383,0.35429874062538147,,-0.02503538942756467,-0.15827029737876108,0.053642133783203934,-0.1932555205630896,0.023714895147437742,-0.45524960716057006,0.12879715480966922,-0.5399866574084288,-0.15812720937364155,-0.02456506791683566,0.17765360352494075,-0.35716695746496707,0.08340144675365324,0.45919115571277414,0.28798986448694536,0.0,,,,,-0.45524960716057006,,-0.15827029737876108,,0.45919115571277414,,,,19.059999465942383,,
2001-07-31,1211.22998046875,2027.1300048828125,21.6200008392334,0.3090325891971588,,-0.010740149595403703,-0.15347733995691115,0.05363405702153308,-0.20192007695750813,-0.06174846647950882,-0.4618700845667264,0.1289121868939269,-0.5683917758735713,0.1343127725614781,0.04243013875731538,0.18072356214773722,-0.27082626922795605,-0.12776266533807668,0.3483317838126012,0.2915024919266956,-0.12776266533807668,,,,,-0.4618700845667264,,-0.15347733995691115,,0.3483317838126012,,,,21.6200008392334,,
2001-08-31,1133.5799560546875,1805.4300537109375,24.920000076293945,0.3235865533351898,,-0.06410840688075747,-0.25308370938727975,0.05014599196402543,-0.25308370938727975,-0.10936641983388307,-0.5707846442175817,0.11976054813580848,-0.6155952221171389,0.15263640652002675,0.4798099673689349,0.17197896230939186,-0.15952781123410986,0.04709524058883563,0.06721203984568036,0.27962380888040594,-0.08668443821160865,,,,,-0.5707846442175817,,-0.25308370938727975,,0.06721203984568036,,,,24.920000076293945,,
2001-09-30,1040.93994140625,1498.800048828125,31.93000030517578,0.2098676562309265,,-0.08172340570563885,-0.2753688214284804,0.05232908103487688,-0.3141242524331739,-0.16983765405508544,-0.5919211883696689,0.12251565667857306,-0.6808816278003302,0.2813001688370922,0.5522606115161948,0.17826932802363968,0.0,-0.3514327030346859,-0.3289762146410127,0.3014597833577671,-0.40765339481454566,,,,,-0.5919211883696689,,-0.2753688214284804,,-0.3289762146410127,,,,31.93000030517578,,
2001-10-31,1059.780029296875,1690.199951171875,33.560001373291016,0.32744526863098145,,0.018099111333141016,-0.25858401343507853,0.05354913214029414,-0.30171051091726064,0.1277020924127945,-0.49840189873876284,0.13421416606963216,-0.6401295439430674,0.05104920302337157,0.42022863162058055,0.17562336480117097,0.0,0.5602464644226988,0.3794542517575197,0.3291592205161001,-0.07579330354660674,,,,,-0.49840189873876284,,-0.25858401343507853,,0.3794542517575197,,,,33.560001373291016,,
2001-11-30,1139.449951171875,1930.5799560546875,23.84000015258789,0.417442262172699,,0.0751759041240454,-0.13346515572215922,0.057212415214232724,-0.24921596723514794,0.1422198626358666,-0.2568775883668647,0.1312551427686348,-0.5889488171159438,-0.28963053703683284,-0.19595276697107689,0.1859911252134572,-0.28963053703683284,0.2748459121672049,1.6982684472197818,0.3049024184984036,0.0,,,,,-0.2568775883668647,,-0.13346515572215922,,1.6982684472197818,,,,23.84000015258789,,
2001-12-31,1148.0799560546875,1950.4000244140625,23.799999237060547,0.5111074447631836,,0.0075738340889277556,-0.13042693172742603,0.05730195642257705,-0.24352965353437084,0.01026638047143047,-0.2105305729179534,0.13102624513977018,-0.5847288092792245,-0.0016778907412465793,-0.11359408197677756,0.1837248737435452,-0.290822459381603,0.22437877301396636,3.083560271606837,0.2889264860073815,0.0,,,,,-0.2105305729179534,,-0.13042693172742603,,3.083560271606837,,,,23.799999237060547,-0.15342885255420555,-0.15342885255420555
2002-01-31,1130.199951171875,1934.030029296875,21.09000015258789,0.5022451281547546,,-0.015573832456979853,-0.17262688919403268,0.05554788623916795,-0.25531079596890005,-0.008393147514497934,-0.3024816542107309,0.12415610184849135,-0.5882142416414652,-0.11386551140105661,-0.042234345406105045,0.17858549464314805,-0.3715733227182604,-0.01733943948426586,1.5468292542123243,0.26064020093597234,-0.01733943948426586,,,,,-0.3024816542107309,,-0.17262688919403268,,1.5468292542123243,,,,21.09000015258789,-0.8020237320077486,-0.8020237320077486
2002-02-28,1106.72998046875,1731.489990234375,21.59000015258789,0.38970959186553955,,-0.020766211039727644,-0.1074325912805284,0.049969191125165506,-0.2707751691388167,-0.10472435070521335,-0.1953407437528194,0.11057826877606294,-0.6313382378152166,0.02370791827323182,-0.23844797664624873,0.1563058717054539,-0.3566746344125463,-0.2240649634625027,1.282962720612613,0.2694291731557199,-0.23751924207226627,,,,,-0.1953407437528194,,-0.1074325912805284,,1.282962720612613,,,,21.59000015258789,-0.6577884459472038,-0.6577884459472038
2002-03-31,1147.3900146484375,1845.3499755859375,17.399999618530273,0.33890512585639954,,0.03673889286207466,-0.011151949786979531,0.04816332541366375,-0.24398425620544306,0.06575838497117181,0.0027658949242508335,0.10416389549931433,-0.607095635733319,-0.19407135268386655,-0.39245810093071154,0.16468640693114675,-0.48152565832794647,-0.1303649360179694,0.3665662510884564,0.25261895947391083,-0.336919997294448,,,,,0.0027658949242508335,,-0.011151949786979531,,0.3665662510884564,,,,17.399999618530273,-1.6025152890646956,-1.6025152890646956
2002-04-30,1076.9200439453125,1688.22998046875,21.90999984741211,0.26594358682632446,,-0.061417625919219065,-0.13809159347749456,0.04454996768806522,-0.2904169483468574,-0.08514373815042786,-0.20225022291456773,0.09627914194814635,-0.6405489820426017,0.2591954211354621,-0.14010988064997776,0.18157652702182475,-0.34713948299032693,-0.21528602981646916,-0.16422644557413768,0.2525273507578684,-0.47967185852761995,,,,,-0.20225022291456773,,-0.13809159347749456,,-0.16422644557413768,,,,21.90999984741211,-0.4844950888782061,-0.4844950888782061
2002-05-31,1067.1400146484375,1615.72998046875,19.979999542236328,0.2556297481060028,,-0.009081481352177012,-0.15024441377776543,0.04426025860950748,-0.2968610135982662,-0.04294438603671158,-0.2344289771830098,0.09653704038635506,-0.6559853853190531,-0.08808764576069783,-0.1174911625054339,0.18036099779781292,-0.40464842894382114,-0.03878205465829543,-0.21831605034083745,0.25289522731727193,-0.4998512529504511,,,,,-0.2344289771830098,,-0.15024441377776543,,-0.21831605034083745,,,,19.979999542236328,-0.933562114294188,-0.933562114294188
2002-06-30,989.8200073242188,1463.2099609375,25.399999618530273,0.13125333189964294,,-0.0724553538081798,-0.19157450842317858,0.04747440369019403,-0.34780719763432877,-0.09439697311737782,-0.32275730396905067,0.0979407051438814,-0.6884593236530756,0.27127128130490896,0.33263380536377274,0.1875654600966332,-0.24314664543652087,-0.4865490700041073,-0.629540506782597,0.28830034555436995,-0.7431981606911287,,,,,-0.32275730396905067,,-0.19157450842317858,,-0.629540506782597,,,,25.399999618530273,0.4106963711174745,0.4106963711174745
2002-07-31,911.6199951171875,1328.260009765625,32.029998779296875,0.0845734030008316,,-0.07900427514940767,-0.24736011342421726,0.050698855897912586,-0.3993332172428895,-0.09222869907570241,-0.344758349703175,0.09929411537873656,-0.7171923149417169,0.26102359292674016,0.48149849842617276,0.1966717865596444,-0.045590063509705514,-0.35564757269935887,-0.7263285298791744,0.30176766607023375,-0.8345291115060595,,,,,-0.344758349703175,,-0.24736011342421726,,-0.7263285298791744,,,,32.029998779296875,1.9211219845053178,1.9211219845053178
2002-08-31,916.0700073242188,1314.8499755859375,32.63999938964844,0.07716301828622818,,0.004881433306494376,-0.1918787885836395,0.04941127282755784,-0.3964011024034342,-0.0100959406148603,-0.271724776662849,0.09617525224318196,-0.7200475245354914,0.01904466542614558,0.3097913037608062,0.19416502159573945,-0.027413645589858926,-0.08762074661380903,-0.7615382422696093,0.2999456801128452,-0.849027794298749,,,,,-0.271724776662849,,-0.1918787885836395,,-0.7615382422696093,,,,32.63999938964844,1.908828661687824,1.908828661687824
2002-09-30,815.280029296875,1172.06005859375,39.689998626708984,0.06539701670408249,,-0.11002431825242787,-0.216784756865532,0.053329406346646624,-0.4628116596094133,-0.10859787781382124,-0.21800105390298397,0.08896112331577197,-0.7504497692596629,0.21599262772340633,0.24303157680444265,0.18758870877885955,0.0,-0.15248239173979605,-0.6883892550259231,0.2882856239415835,-0.8720483973103081,,,,,-0.21800105390298397,,-0.216784756865532,,-0.6883892550259231,,,,39.689998626708984,2.9469513874197464,2.9469513874197464
2002-10-31,885.760009765625,1329.75,31.139999389648438,0.09091480076313019,,0.08644880033371405,-0.16420390526391204,0.06076305162285328,-0.41637237202938826,0.13454083709280917,-0.21325876321435366,0.08998637702456916,-0.7168750723191544,-0.21541948936493316,-0.07210971050700121,0.20076022856678066,-0.21541948936493316,0.39019798371711834,-0.7223511546120773,0.2579251399995306,-0.8221219399274166,,,,,-0.21325876321435366,,-0.16420390526391204,,-0.7223511546120773,,,,31.139999389648438,1.2104875224786829,1.2104875224786829
2002-11-30,936.3099975585938,1478.780029296875,27.5,0.1308710277080536,,0.05706962070498589,-0.17827896118154252,0.058555750752555445,-0.383064964668155,0.11207372009541272,-0.23402290350154986,0.08547083941433456,-0.6851442084222172,-0.11689144062277812,0.15352348254976023,0.18250692193099013,-0.307130235537621,0.43949089267682084,-0.6864931043950906,0.28116613247890015,-0.7439461525184957,,,,,-0.23402290350154986,,-0.17827896118154252,,-0.6864931043950906,,,,27.5,0.4881608189306695,0.4881608189306695
2002-12-31,879.8200073242188,1335.510009765625,28.6200008392334,0.08793521672487259,,-0.06033257188502883,-0.23365963957103564,0.0594882762868578,-0.4202862420357063,-0.09688392911241273,-0.31526353924916617,0.08774135600106313,-0.7156486746140718,0.04072730324485074,0.20252108221362075,0.18231825554855946,-0.27891151853117335,-0.32807728139005665,-0.8279516026896918,0.2765418125129273,-0.8279516026896918,,,,,-0.31526353924916617,0.16342227621674196,-0.23365963957103564,-1.0030601735515654,-0.8279516026896918,-1.1397805571105621,,,28.6200008392334,0.6955860851387167,-0.3209580923266673
2003-01-31,855.7000122070312,1320.9100341796875,31.170000076293945,0.07884349673986435,,-0.02741469268304464,-0.2428773233269227,0.05950108286564035,-0.4361789165544303,-0.010932134899160895,-0.317016791792054,0.08769391384423077,-0.7187572416619459,0.08909850322453194,0.4779516287708119,0.17707548832260647,-0.21466361413985013,-0.10339111363600739,-0.8430178964014348,0.27530102235033865,-0.8457398780868949,,,,,-0.317016791792054,0.1489083753443164,-0.2428773233269227,-1.0867626682683738,-0.8430178964014348,-1.1021932368070224,,,31.170000076293945,1.165690503258274,-0.21858925661820144
2003-02-28,841.1500244140625,1337.52001953125,29.6299991607666,0.09641550481319427,,-0.01700360825687175,-0.23996815911881453,0.05951394785024301,-0.4457659093843037,0.012574653020845261,-0.2275323408885529,0.08483038134625878,-0.7152207115612195,-0.04940650984144779,0.3723945785713667,0.1791998944413259,-0.2534643440166966,0.22287200339816082,-0.7525965313000039,0.2880658665359898,-0.8113596156716766,,,,,-0.2275323408885529,0.7262610484993463,-0.23996815911881453,-1.0033121531430476,-0.7525965313000039,-0.9738981604768661,,,29.6299991607666,0.8404021335432004,-0.10263678289434175
2003-03-31,848.1799926757812,1341.1700439453125,29.149999618530273,0.0984012559056282,,0.008357567684332823,-0.26077446914538016,0.05754356991693885,-0.44113386045901837,0.002728949369551703,-0.27321642957213965,0.08103780963967765,-0.7144435633015731,-0.01619978251203935,0.6752873711265339,0.16475911727646078,-0.26555805928110876,0.020595765134262756,-0.7096495496874761,0.288508367901745,-0.8074744226212134,,,,,-0.27321642957213965,0.4085210512301323,-0.26077446914538016,-1.2419487553582444,-0.7096495496874761,-0.8996791946093934,,,29.149999618530273,0.7300434062138085,-0.25076587313092424
2003-04-30,916.9199829101562,1464.31005859375,21.209999084472656,0.10947971045970917,,0.0810441071800323,-0.1485719036754053,0.06337212388311715,-0.3958410531467682,0.09181536316319527,-0.1326359112594523,0.08477084757677997,-0.688225095362519,-0.27238424143958695,-0.03194891683315704,0.17618550961452872,-0.4656084701852421,0.11258448331905191,-0.5883348353453421,0.28777163041430265,-0.7857990299663206,,,,,-0.1326359112594523,1.3057610610492267,-0.1485719036754053,0.3607714375951658,-0.5883348353453421,-0.7570308681901162,,,21.209999084472656,-0.8439400495069603,0.016390395236829003
2003-05-31,963.5900268554688,1595.9100341796875,19.469999313354492,0.1999351680278778,,0.050898709609522585,-0.09703505291860193,0.06589204949278368,-0.3650901423528905,0.0898716599080931,-0.012266867935019965,0.08845917915073877,-0.6602053671650611,-0.08203676785596736,-0.025525537565890932,0.17588277941820382,-0.5094482240608507,0.8262303324364211,-0.21787206102096512,0.37930782320618933,-0.6088196912871897,,,,,-0.012266867935019965,1.93525619591764,-0.09703505291860193,1.0704005703967356,-0.21787206102096512,-0.3782203990001118,,,19.469999313354492,-1.159393809090436,0.3670106395559569
2003-06-30,974.5,1622.800048828125,19.520000457763672,0.17502975463867188,,0.011322214676852127,-0.01547756886187146,0.06262116836341979,-0.35790155664416046,0.01684932989487664,0.10906848104585976,0.08304005109662957,-0.6544800552999167,0.0025681122841583193,-0.2314960334281626,0.15584653428038603,-0.5081884320190456,-0.12456744671219255,0.33352618257722133,0.3464665482838057,-0.6575480235476316,,,,,0.10906848104585976,2.382340818475608,-0.01547756886187146,2.0467470122423737,0.33352618257722133,0.18005878318818228,,,19.520000457763672,-1.118070055489258,0.8727691396042265
2003-07-31,990.3099975585938,1735.02001953125,19.489999771118164,0.14584484696388245,,0.016223701958536507,0.08631886406933265,0.05744742197113198,-0.34748434287111507,0.06915206268582663,0.3062352301319369,0.0775453000247365,-0.6305866384248131,-0.001536920386370988,-0.39150794524176347,0.1306879093527783,-0.5089443072441286,-0.16674255034544383,0.7244765113974232,0.3291437479334676,-0.7146493394721375,,,,,0.3062352301319369,2.9194381707224966,0.08631886406933265,2.8642024381587468,0.7244765113974232,0.5724298730197981,,,19.489999771118164,-1.0948700746336488,1.3153001018168482
2003-08-31,1008.010009765625,1810.449951171875,18.6299991607666,0.13881678879261017,,0.017873203593487874,0.10036351120146048,0.057496333585395444,-0.335821797683312,0.04347496328082934,0.37692511296970044,0.0768639920929497,-0.6145264060948842,-0.044125224240688765,-0.4292279562151283,0.12970449720156574,-0.5306122498016482,-0.0481885943698287,0.7990067246680754,0.32742968711368864,-0.7283999867054773,,,,,0.37692511296970044,2.7768767400658807,0.10036351120146048,2.6200717523046917,0.7990067246680754,0.6362364258681293,,,18.6299991607666,-1.2292096048965813,1.2009938283355304
2003-09-30,995.969970703125,1786.93994140625,22.719999313354492,0.12200850248336792,,-0.011944364585525724,0.22162929903003148,0.04444476276589708,-0.3437549842815416,-0.01298572752613647,0.5246146546024606,0.06530940571438736,-0.6195320611538566,0.21953839703874634,-0.42756361553347855,0.13033689628355535,-0.42756361553347855,-0.12108251786715463,0.8656585366187108,0.32542888591823976,-0.7612860001679308,,,,,0.5246146546024606,2.883240776671937,0.22162929903003148,3.1587981968077927,0.8656585366187108,0.6908835384818091,,,22.719999313354492,-0.4149802077533474,1.5794855760520476
2003-10-31,1050.7099609375,1932.2099609375,16.100000381469727,0.13507267832756042,,0.05496148663571665,0.1862242022142333,0.04079756571523477,-0.30768678262037585,0.08129541243391114,0.45306257637713854,0.059698935618939554,-0.5886017631474794,-0.2913732012304078,-0.4829800675326381,0.14117367012635285,-0.5943562373762494,0.10707594617000904,0.4857061467854873,0.3119324334073203,-0.7357254727718847,,,,,0.45306257637713854,2.343595114108743,0.1862242022142333,2.514673749400324,0.4857061467854873,0.2814171644559908,,,16.100000381469727,-1.6631732853060244,0.8691281856647584
2003-11-30,1058.199951171875,1960.260009765625,16.31999969482422,0.16219483315944672,,0.0071285040713728876,0.1301811941890041,0.03861453331771366,-0.3027516250316199,0.01451708116364081,0.3255926986636968,0.054396511723444674,-0.5826294615525125,0.013664553300737792,-0.40654546564275573,0.140029739447206,-0.5888132965607653,0.20079675007341757,0.23934866257236176,0.2932621118326911,-0.6826600065772901,,,,,0.3255926986636968,1.7789676224318725,0.1301811941890041,1.9208773899280738,0.23934866257236176,0.014859156495878637,,,16.31999969482422,-1.5593308247405209,0.538843336028826
2003-12-31,1111.9200439453125,2003.3699951171875,18.309999465942383,0.17724478244781494,,0.05076554077889206,0.2638039993281984,0.032867089456563796,-0.2673554342191463,0.021991973073366422,0.5000786070250185,0.03872424803775797,-0.573450659909359,0.12193626276532843,-0.36023763350690297,0.14574267267002605,-0.5386747266445897,0.09278932623934621,1.0156291079871873,0.2680383229854854,-0.6532142423987983,,,,,0.5000786070250185,2.168875075024662,0.2638039993281984,2.5983445999351438,1.0156291079871873,0.8459356460023164,,,18.309999465942383,-1.147999733976138,1.1162888967464961
2004-01-31,1131.1300048828125,2066.14990234375,16.6299991607666,0.1699875295162201,,0.017276386950755285,0.3218768128393372,0.02932427837826555,-0.25469798320334824,0.03133715059104203,0.5641866962021165,0.03598928462604472,-0.5600838190044289,-0.09175315970383702,-0.46647420211543744,0.14207966334820687,-0.5810027781261848,-0.04094480430605374,1.1560120560998923,0.26463466821878817,-0.6674133173799062,,,,,0.5641866962021165,2.177304397052811,0.3218768128393372,2.648661027130641,1.1560120560998923,0.9738955882775225,,,16.6299991607666,-1.4232329049983272,1.0941570268656617
2004-02-29,1144.93994140625,2029.8199462890625,14.550000190734863,0.1699875295162201,,0.01220897373761054,0.36116020706746665,0.026715679766343457,-0.2455986104536898,-0.01758340767699207,0.5175996745083766,0.0389032343431746,-0.5678190445585795,-0.12507510974136782,-0.5089436178587317,0.14415427069321052,-0.6334089016333806,0.0,0.7630725457028114,0.26228107492619607,-0.6674133173799062,,,,,0.5175996745083766,1.907017831906177,0.36116020706746665,2.5809188038585096,0.7630725457028114,0.5317899327200003,,,14.550000190734863,-1.741332449451465,0.8195985297583055
2004-03-31,1126.2099609375,1994.219970703125,16.739999771118164,0.20169265568256378,,-0.01635891961786684,0.32779595211224977,0.029076814516872017,-0.2579398021448849,-0.01753848938720981,0.4869255242510033,0.04087099931107522,-0.575398845658943,0.15051543310479443,-0.42572898832983985,0.15503949183228719,-0.5782312836903665,0.18651442406731622,1.0496959497752476,0.26372038574015694,-0.6053811038185601,,,,,0.4869255242510033,1.7222506544231915,0.32779595211224977,2.199194221333794,1.0496959497752476,0.8321791267383698,,,16.739999771118164,-1.3000354049968692,0.8633971493746215
2004-04-30,1107.300048828125,1920.1500244140625,17.190000534057617,0.156770259141922,,-0.016790751960348183,0.20762996713599047,0.025168020613112897,-0.2703995508667171,-0.037142314978897195,0.3113001670275204,0.04133874569041804,-0.5911695154738819,0.026881766373488825,-0.18953317887495746,0.13599129194080303,-0.5668933955948847,-0.22272698224244414,0.43195719538933885,0.27795485536150194,-0.6932733797008965,,,,,0.3113001670275204,1.1917912817673504,0.20762996713599047,1.4812016971644877,0.43195719538933885,0.14026798065165494,,,17.190000534057617,-1.1886699497764062,0.40614775245177176
2004-05-31,1120.6800537109375,1986.739990234375,15.5,0.1791553646326065,,0.01208345009735412,0.16302579154758212,0.02266296850978501,-0.2615834602486078,0.03467956408282857,0.2448947294548327,0.03602417436046288,-0.5769914524867445,-0.09831300067206572,-0.20390341311576043,0.1368708267451609,-0.609473405484841,0.14278923574668312,-0.10393270778842612,0.14370271015876165,-0.6494761200052246,,,,,0.2448947294548327,0.9822851228802808,0.16302579154758212,1.2044388690883683,-0.10393270778842612,-0.45927307627478964,,,15.5,-1.4528712641940382,0.06864491287495533
2004-06-30,1140.8399658203125,2047.7900390625,14.34000015258789,0.15638792514801025,,0.017988998771432563,0.17069262782997696,0.022702567776613104,-0.24830008602221454,0.030728756217829556,0.2618868483158314,0.036171218532639396,-0.5639929259521514,-0.07483869983303937,-0.2653688618698543,0.13805611848788107,-0.63869990806858,-0.12708209732533204,-0.10650663099622959,0.1439033248646986,-0.6940214298375735,,,,,0.2618868483158314,1.0047100557598407,0.17069262782997696,1.2080474230083655,-0.10650663099622959,-0.45562854339044684,,,14.34000015258789,-1.6061144134942988,0.03775363047086516
2004-07-31,1101.719970703125,1887.3599853515625,15.319999694824219,0.1178068146109581,,-0.034290519520026264,0.11250009938220318,0.026506315079865957,-0.27407626659567186,-0.07834301888897954,0.08780300175525935,0.04251397932451281,-0.5981510363900108,0.06834027418468835,-0.2139558812347132,0.1401883406802096,-0.6140085607230337,-0.24670133899748226,-0.19224561536869234,0.15384707412944867,-0.7695067528011792,,,,,0.08780300175525935,0.5120506294268834,0.11250009938220318,0.8815311129208079,-0.19224561536869234,-0.5462438698068127,,,15.319999694824219,-1.3926535115235679,-0.13632890974567233
2004-08-31,1104.239990234375,1838.0999755859375,15.289999961853027,0.09519254416227341,,0.0022873503233691306,0.09546530246373708,0.026426662066481418,-0.2724158247093281,-0.026099954512095458,0.015272459973922459,0.041957321047062374,-0.6086392760609642,-0.001958207152009672,-0.17928069508169198,0.13979361007717475,-0.6147644119200404,-0.19196063082908588,-0.31425769901298184,0.16273877984681398,-0.8137523819353093,,,,,0.015272459973922459,0.30437432296275385,0.09546530246373708,0.77674524743323,-0.31425769901298184,-0.6768334474087299,,,15.289999961853027,-1.3616475683350633,-0.2393403613369523
2004-09-30,1114.5799560546875,1896.8399658203125,13.34000015258789,0.11093094944953918,,0.009363875526838816,0.11908992122305384,0.025674053979073182,-0.2656028170566086,0.0319569071402932,0.06150180085379686,0.04249351759662136,-0.5961325977476866,-0.12753432401113052,-0.4128520882152127,0.12366594373406108,-0.6638951722308484,0.1653323317048523,-0.09079328742141402,0.16724723204653288,-0.7829596289661993,,,,,0.06150180085379686,0.43004454671438996,0.11908992122305384,0.8845619830167689,-0.09079328742141402,-0.4098036564471814,,,13.34000015258789,-1.645879194595941,-0.1852690803279909
2004-10-31,1130.199951171875,1974.989990234375,16.270000457763672,0.11054866760969162,,0.014014243690939843,0.07565359917540881,0.02149534041270959,-0.25531079596890005,0.041200114834287316,0.022140466182111185,0.03727497951005494,-0.5794932143970659,0.21964020027446374,0.010559010699751736,0.11536063866671811,-0.5900730405464176,-0.0034461242939370917,-0.181561593517798,0.16415908725513423,-0.783707577061584,,,,,0.022140466182111185,0.3134156542959168,0.07565359917540881,0.6426703623768658,-0.181561593517798,-0.5100801079732268,,,16.270000457763672,-1.1192514284092443,-0.16831137992742212
2004-11-30,1173.8199462890625,2096.81005859375,13.239999771118164,0.1461510807275772,,0.03859493629597055,0.10926100968833663,0.023436387532661827,-0.2265695635790228,0.06168135988624357,0.06965915141249623,0.04096410811076687,-0.5535557840196839,-0.18623236640412388,-0.18872548905027597,0.12801640114367954,-0.6664147082583056,0.32205194225935996,-0.09891654449989529,0.18078246233428677,-0.7140501821582841,,,,,0.06965915141249623,0.44538366843624355,0.10926100968833663,0.8087039025002801,-0.09891654449989529,-0.40650304003000637,,,13.239999771118164,-1.5892424871634407,-0.1854144890642309
2004-12-31,1211.9200439453125,2175.43994140625,13.289999961853027,0.1799951046705246,,0.03245821284320516,0.08993452410946756,0.020926910019164822,-0.20146539385425766,0.037499764220529475,0.08589024828586256,0.041737825683914515,-0.536814231182803,0.003776449516557756,-0.2741671027040079,0.12132638592525775,-0.665154940244577,0.23156875593709758,0.015517084253351188,0.1909646405933944,-0.6478331385802383,,,,,0.08589024828586256,0.4865171471049547,0.08993452410946756,0.6936005704517236,0.015517084253351188,-0.26587023359313733,,,13.289999961853027,-1.5355846717759598,-0.1553342969531047
2005-01-31,1181.27001953125,2062.409912109375,12.819999694824219,0.17510586977005005,,-0.025290467442294018,0.04432736682078575,0.022638818553755918,-0.22166070731253174,-0.051957320055367795,-0.001810125310914068,0.04429682598101035,-0.5608801224183296,-0.035364956236107914,-0.22910400831113154,0.11935858568453267,-0.6769967211287045,-0.027163154850372906,0.030110092595595717,0.19061937720302743,-0.657399101570153,,,,,-0.001810125310914068,0.22567298199028618,0.04432736682078575,0.4408832840421134,0.030110092595595717,-0.24548818683252852,,,12.819999694824219,-1.5496146812642944,-0.2821366505161058
2005-02-28,1203.5999755859375,2051.719970703125,12.079999923706055,0.2214796394109726,,0.018903346132113308,0.05123415828051159,0.022943796912335366,-0.2069474902546362,-0.0051832282920502015,0.010789146325071997,0.043973548847302146,-0.5631561809914125,-0.05772229241291804,-0.16975946629895255,0.11522454257251903,-0.6956412108420447,0.26483275347548796,0.30291698480057705,0.2031276663478021,-0.5666671622958008,,,,,0.010789146325071997,0.2603977152584202,0.05123415828051159,0.4728393236626038,0.30291698480057705,0.08842251941092114,,,12.079999923706055,-1.6037791198415141,-0.19552989037739224
2005-03-31,1180.5899658203125,1999.22998046875,14.020000457763672,0.18152333796024323,,-0.01911765556028966,0.048285849680768766,0.02318342754063279,-0.2221087949771713,-0.025583408546921094,0.0025122653665226036,0.044354691716572914,-0.5743321348843065,0.16059607171441437,-0.16248502691423916,0.11652581221576191,-0.6467623849115214,-0.18040620599253987,-0.10000025858187056,0.20684188797697847,-0.6448430954779965,,,,,0.0025122653665226036,0.23312213942620558,0.048285849680768766,0.45123799445342455,-0.10000025858187056,-0.40647756075854974,,,14.020000457763672,-1.2497449676117949,-0.24296559862267864
2005-04-30,1156.8499755859375,1921.6500244140625,15.3100004196167,0.1675424426794052,,-0.020108582083263493,0.04474841919338135,0.023474269823021324,-0.2377510841252216,-0.03880491829984345,0.0007811889596791577,0.044487473905600615,-0.5908501416129898,0.09201140654304907,-0.10936591367267123,0.11979756124878162,-0.6142604951033184,-0.07701982256353213,0.06871318320480224,0.19588690589326394,-0.6721972172464945,,,,,0.0007811889596791577,0.22559711643353728,0.04474841919338135,0.4267135491920256,0.06871318320480224,-0.19360668412517318,,,15.3100004196167,-1.011803976573596,-0.13827499876830157
2005-05-31,1191.5,2068.219970703125,13.289999961853027,0.2070401906967163,,0.02995204663120865,0.06319372425212211,0.024580717078268127,-0.21492016905235212,0.07627296564251007,0.041011899327167534,0.04876622323410126,-0.5596430685215994,-0.13193993483993938,-0.14258064762238531,0.12258716981332349,-0.665154940244577,0.23574771494104674,0.15564605682499733,0.2027829441646032,-0.5949184602610391,,,,,0.041011899327167534,0.34515757661231683,0.06319372425212211,0.5237068557926976,0.15564605682499733,-0.08308682391051311,,,13.289999961853027,-1.2851513091161826,-0.12484342515542032
2005-06-30,1191.3299560546875,2056.9599609375,12.039999961853027,0.20413775742053986,,-0.00014271417986777557,0.044256856129746946,0.02429185565911053,-0.21503221107655657,-0.005444299893205717,0.004477959995937031,0.04810753136749887,-0.5620405037166197,-0.09405568123310304,-0.16039052763327832,0.12368967622359957,-0.6966490204474124,-0.014018694951977162,0.30532940588180146,0.1973504725595048,-0.6005971747973169,,,,,0.004477959995937031,0.2300755366052578,0.044256856129746946,0.41239227153681873,0.30532940588180146,0.10669317459753744,,,12.039999961853027,-1.435045560902794,-0.17147114454079498
2005-07-31,1234.1800537109375,2184.830078125,11.569999694824219,0.20673497021198273,,0.03596828690361842,0.12023026406907711,0.022666751300199725,-0.18679826443445924,0.062164611667609115,0.1576117407819404,0.04383504258373681,-0.5348149217040217,-0.03903656715265247,-0.24477807276111874,0.12156724812677533,-0.7084908013315399,0.012722843751498791,0.7548642741483034,0.17617357217623256,-0.5955156350583559,,,,,0.1576117407819404,0.6977870306537137,0.12023026406907711,0.8313575806502367,0.7548642741483034,0.6759820077816067,,,11.569999694824219,-1.4562663004784921,0.1872150796517662
2005-08-31,1220.3299560546875,2152.090087890625,12.600000381469727,0.23439176380634308,,-0.011222104598600069,0.10513110089019007,0.02339437248376892,-0.19592409937073885,-0.01498514258027428,0.1708231959497175,0.043040713687369773,-0.5417857864285031,0.08902339790953273,-0.17593195468244427,0.1253343698742375,-0.6825396619441886,0.13377898072107253,1.462291200104692,0.15769217683535927,-0.5414041289988525,,,,,0.1708231959497175,0.7290374730095119,0.10513110089019007,0.7349950937578246,1.462291200104692,1.541637196149053,,,12.600000381469727,-1.2778274961580016,0.43196056668959704
2005-09-30,1228.81005859375,2151.68994140625,11.920000076293945,0.2618950605392456,,0.00694902431673361,0.10248713151401567,0.023397725915039642,-0.19033655638476665,-0.00018593389125598492,0.13435502213056982,0.04282586908611997,-0.5418709839802611,-0.0539682765546442,-0.10644678111330252,0.12071840636659316,-0.6996724492635154,0.11733900665394548,1.360883611280887,0.156172233548902,-0.48759294503997685,,,,,0.13435502213056982,0.6069938746182946,0.10248713151401567,0.7103474054379584,1.360883611280887,1.3757361177260763,,,11.920000076293945,-1.3363859339191713,0.33917286596578955
2005-10-31,1207.010009765625,2120.300048828125,15.319999694824219,0.2563173770904541,,-0.01774077993231349,0.06796147753687976,0.024477480291038935,-0.2047006173571836,-0.01458848320758055,0.07357508610790764,0.042320669595872724,-0.5485543914373705,0.28523486550071975,-0.05838971949666627,0.13260487314111025,-0.6140085607230337,-0.021297398420981994,1.3185930923692397,0.15716967080323932,-0.4985058822431825,,,,,0.07357508610790764,0.4106230138326928,0.06796147753687976,0.5062714518365938,1.3185930923692397,1.2913260322849207,,,15.319999694824219,-0.8157091212330868,0.3481278441802802
2005-11-30,1249.47998046875,2232.820068359375,12.0600004196167,0.2761814594268799,,0.035186096519093324,0.06445625193103988,0.02407839221608869,-0.1767171365179382,0.05306797007029229,0.06486520283904107,0.04136641548991632,-0.5245970893938041,-0.21279369061011755,-0.0891238196299311,0.13621758364294018,-0.6961451036306904,0.07749799315953432,0.8896983727522123,0.13807540924792816,-0.459641094535718,,,,,0.06486520283904107,0.3791928310508921,0.06445625193103988,0.48093699140462154,0.8896983727522123,0.7421973023514804,,,12.0600004196167,-1.2477426610107705,0.08864611594905586
2005-12-31,1248.2900390625,2205.320068359375,12.069999694824219,0.2793140113353729,,-0.0009523493171964548,0.030010226581274946,0.022559378169402875,-0.1775011893908348,-0.012316263361161206,0.013735211156328253,0.04040892572238579,-0.5304522768434925,0.0008291272686238305,-0.09179836497596983,0.13621375675950653,-0.6958931692504058,0.011342368582574647,0.5517867102366394,0.1278620453517692,-0.45351214466306544,,,,,0.013735211156328253,0.2132283845740091,0.030010226581274946,0.2777082857656597,0.5517867102366394,0.3128618233004584,,,12.069999694824219,-1.2037465064107757,-0.09998700319266213
2006-01-31,1280.0799560546875,2305.820068359375,12.949999809265137,0.3434889018535614,,0.025466771341108085,0.08364720587986074,0.021571199764338165,-0.15655480025271795,0.045571616311806284,0.11802220054356072,0.0383538763614213,-0.5090542281637219,0.07290804777884752,0.01014041478436245,0.13722353209971966,-0.6737213339042405,0.2297589376607876,0.9616070112591477,0.13603068113656117,-0.3279516755763292,,,,,0.11802220054356072,0.5299302927767012,0.08364720587986074,0.580877970557651,0.9616070112591477,0.8730289695548573,,,12.949999809265137,-1.045075373574627,0.23469046482864564
2006-02-28,1280.6600341796875,2281.389892578125,12.34000015258789,0.3600671887397766,,0.0004531577283561905,0.06402464286877008,0.021295853262092074,-0.1561725865420075,-0.01059500527230317,0.1119401892824059,0.038579773633749787,-0.5142558012047422,-0.047104221286614956,0.021523197891053503,0.13678591014950137,-0.6890904363931166,0.04826440329441262,0.6257349420352094,0.12073911410647617,-0.2955156642130109,,,,,0.1119401892824059,0.48484049787493005,0.06402464286877008,0.4506720213637587,0.6257349420352094,0.42948464950131415,,,12.34000015258789,-1.0957507871646917,0.06731159539382786
2006-03-31,1294.8699951171875,2339.7900390625,11.390000343322754,0.4374594986438751,,0.011095810408889628,0.09679908571598728,0.01987335037119096,-0.14680963754445386,0.025598494441640085,0.1703456140218047,0.0371453060640503,-0.5018214810318229,-0.07698539688153139,-0.18758916038298257,0.1300577733017896,-0.7130259325416562,0.2149385234877108,1.4099352929466642,0.10582250995124184,-0.14409484125873473,,,,,0.1703456140218047,0.6535687300605169,0.09679908571598728,0.6174500994681806,1.4099352929466642,1.4081210780485507,,,11.390000343322754,-1.1922206240628415,0.3717298208786017
2006-04-30,1310.6099853515625,2322.570068359375,11.59000015258789,0.4464741051197052,,0.01215565291784415,0.13291266197913565,0.017814114157184122,-0.1364385516255946,-0.007359622195000304,0.2086332260566326,0.03407844890089364,-0.5054878867170935,0.017559245235877707,-0.24297845624239,0.12649386914953384,-0.7079868845148178,0.020606722459508564,1.6648418035425183,0.09587548691097166,-0.12645744120089186,,,,,0.2086332260566326,0.7569218622756259,0.13291266197913565,0.8040081771866284,1.6648418035425183,1.682607436831977,,,11.59000015258789,-1.1245565759344913,0.529745225089935
2006-05-31,1270.0899658203125,2178.8798828125,16.440000534057617,0.35112857818603516,,-0.030916916538203165,0.0659588466809169,0.020295216346173314,-0.16313720885059602,-0.06186688940169427,0.05350490454444001,0.03533565462159902,-0.5360818129373652,0.418464220674474,0.23702035976269364,0.17213264032186398,-0.5857898437165859,-0.21355219897491418,0.6959440435426729,0.11839643142944573,-0.31300437553061466,,,,,0.05350490454444001,0.1990214797262386,0.0659588466809169,0.39100696137612256,0.6959440435426729,0.4622801056842539,,,16.440000534057617,-0.4162163540096734,0.15902304819423543
2006-06-30,1270.199951171875,2172.090087890625,13.079999923706055,0.3253054916858673,,8.659650459597046e-05,0.06620331732308671,0.020289501855494364,-0.163064739458056,-0.003116185970339358,0.055971010199270976,0.03527991327877105,-0.537527468283275,-0.20437959253047955,0.08637873464685342,0.18202327167702725,-0.6704459466797763,-0.0735431067262382,0.5935586625247009,0.12256224571178168,-0.3635281680614254,,,,,0.055971010199270976,0.1817368800734761,0.06620331732308671,0.372667495177471,0.5935586625247009,0.33096985746252294,,,13.079999923706055,-0.8768195525966721,0.0021386700291994853
2006-07-31,1276.6600341796875,2091.469970703125,14.949999809265137,0.3382936120033264,,0.0050858788034533475,0.034419597319711226,0.017897193455629585,-0.15880818815660303,-0.03711637820040525,-0.04273106103610391,0.03219116898914479,-0.5546927736777719,0.14296635294086757,0.2921348490573379,0.18415319255830162,-0.6233308055797038,0.0399259177893041,0.6363637543103886,0.12213176484025015,-0.33811644602423796,,,,,-0.04273106103610391,-0.2013160997295379,0.034419597319711226,0.1654854056721935,0.6363637543103886,0.3780841116261236,,,14.949999809265137,-0.5940212778681545,-0.06294196507484383
2006-08-31,1303.8199462890625,2183.75,12.3100004196167,0.44479361176490784,,0.02127419311502643,0.06841591474513753,0.01801260847780256,-0.14091251110466763,0.044122091442628575,0.014711239221591565,0.03464538642973937,-0.5350448875179192,-0.17658859018930018,-0.02301586929152144,0.19295048328129014,-0.6898462875901232,0.31481528466027964,0.8976503463338454,0.14298940280515868,-0.12974538656740087,,,,,0.014711239221591565,-0.027579867944500853,0.06841591474513753,0.3446858346664926,0.8976503463338454,0.6853575195234602,,,12.3100004196167,-0.9369553710815427,0.016377028790977327
2006-09-30,1335.8499755859375,2258.429931640625,11.979999542236328,0.4521280825138092,,0.024566297967782313,0.08710859440285179,0.018825181450847293,-0.11980791187207096,0.03419802250286197,0.04960751462388413,0.03586933524064486,-0.5191443421184363,-0.02680754395869034,0.0050335122112714625,0.19224068316941412,-0.6981607468695021,0.016489604515223855,0.7263711716550558,0.14252218490690527,-0.11539523216434833,,,,,0.04960751462388413,0.06819505454005031,0.08710859440285179,0.43345606081052745,0.7263711716550558,0.45191811383744607,,,11.979999542236328,-0.9575525010265211,-0.0009958179596243066
2006-10-31,1377.93994140625,2366.7099609375,11.100000381469727,0.5328049659729004,,0.03150800358539563,0.1416143447508078,0.018266283338276054,-0.09207481640349924,0.04794482564186331,0.11621464247268398,0.037335392852724324,-0.49608980144240133,-0.07345569235325122,-0.2754568797269752,0.17357013247547165,-0.720332558187591,0.17843811649683827,1.0786923306603367,0.14439679777374798,0.0,,,,,0.11621464247268398,0.30651462659461026,0.1416143447508078,0.7511690424429267,1.0786923306603367,0.8726596165044437,,,11.100000381469727,-1.0645740443869833,0.21644231028874927
2006-11-30,1400.6300048828125,2431.77001953125,10.90999984741211,0.5651978254318237,,0.016466656343095964,0.12097034508496707,0.016774797632721657,-0.07712432441997341,0.02748966272486486,0.08910254524810801,0.03531907042860909,-0.4822374800404332,-0.017117164642156513,-0.09535659470906888,0.16197848247258345,-0.7251196718341448,0.06079684223620929,1.0464727306630155,0.14442033382928843,0.0,,,,,0.08910254524810801,0.1714098862399682,0.12097034508496707,0.5944726931409575,1.0464727306630155,0.8609496354900372,,,10.90999984741211,-1.0569457895201242,0.14247160633770972
2006-12-31,1418.300048828125,2415.2900390625,11.5600004196167,0.5655031800270081,,0.012615782814670462,0.136194317382607,0.01644624731742303,-0.06548152533191343,-0.00677694861618805,0.09521065613814961,0.035068810049136756,-0.48574633003358725,0.059578421750278165,-0.042253462146002674,0.1628083145122113,-0.7087427357118246,0.0005402614473100087,1.024614437791333,0.144856883690043,0.0,,,,,0.09521065613814961,0.17750320335783604,0.136194317382607,0.667939447095081,1.024614437791333,0.9744997772175785,,,11.5600004196167,-0.9287834210528267,0.22278975165441722
2007-01-31,1438.239990234375,2463.929931640625,10.420000076293945,0.46832409501075745,,0.014059043023177953,0.1235548087692504,0.015841322155024342,-0.052343089890600214,0.020138323676027303,0.06856990510701366,0.033328555710034374,-0.47539012317621876,-0.09861594307455512,-0.19536677762428167,0.16406074138966265,-0.737465345506918,-0.17184533783100808,0.3634329740598625,0.15080864273091119,-0.17184533783100808,,,,,0.06856990510701366,0.037808859706956584,0.1235548087692504,0.5607446588082956,0.3634329740598625,0.07399508949435785,,,10.420000076293945,-1.0636472051188637,-0.09777464927731341
2007-02-28,1406.8199462890625,2416.14990234375,15.420000076293945,0.47367241978645325,,-0.021846175991944383,0.09851163364380722,0.01818156072860698,-0.07304576952883235,-0.019391797097517482,0.05906925870235047,0.03382117093007948,-0.4855632514629392,0.47984644562290035,0.24959480434529246,0.21494472492439076,-0.6114890246955763,0.011420135826180289,0.31551120068532557,0.15091844231372806,-0.1623876991039538,,,,,0.05906925870235047,-0.02244305864112202,0.09851163364380722,0.37537765160059827,0.31551120068532557,0.02858234777652149,,,15.420000076293945,-0.31089196468121877,0.01765624401369474
2007-03-31,1420.8599853515625,2421.639892578125,14.640000343322754,0.43975135684013367,,0.009979982939206433,0.097299335616293,0.018167206316929363,-0.06379478212330492,0.0022722059707676046,0.03498170867862149,0.03321473949056259,-0.48439434521133096,-0.0505836400202313,0.2853380072025433,0.21380357871314878,-0.6311413240142842,-0.07161291544399462,0.005239018019641328,0.14196173472394977,-0.22237155798287211,,,,,0.03498170867862149,-0.13121949185981877,0.097299335616293,0.355306404475331,0.005239018019641328,-0.4176422448674545,,,14.640000343322754,-0.41886213674219974,-0.1531043672485355
2007-04-30,1482.3699951171875,2525.090087890625,14.220000267028809,0.5025510787963867,,0.043290690426759815,0.1310534878303644,0.02085209744667254,-0.023265811860287644,0.042719066377109094,0.08719651660468819,0.03484880402501139,-0.4623681530200011,-0.028688529128724105,0.2269197652990258,0.2146450687568922,-0.6417233368846831,0.14280734096537007,0.12559961044470103,0.14712966406705358,-0.11132050791936265,,,,,0.08719651660468819,0.07905236611542002,0.1310534878303644,0.5553711278771408,0.12559961044470103,-0.2490382707396507,,,14.220000267028809,-0.4628388776355723,-0.01936341359566554
2007-05-31,1530.6199951171875,2604.52001953125,13.050000190734863,0.5292899012565613,,0.032549228707361655,0.2051272242975375,0.01709932473176284,0.0,0.031456276360808166,0.19534814198630057,0.027610306800204515,-0.44545625706102654,-0.08227848483285649,-0.2062043937468203,0.17913864390744103,-0.671201797876783,0.053206178612160704,0.5073962478102041,0.12755785308709844,-0.06403726813475608,,,,,0.19534814198630057,0.5378373240658849,0.2051272242975375,1.0194433055118146,0.5073962478102041,0.29616098852099004,,,13.050000190734863,-0.6176899349891158,0.30893792077739346
2007-06-30,1503.3499755859375,2603.22998046875,16.229999542236328,0.6312063932418823,,-0.01781632254788501,0.18355379733636457,0.019242000623955313,-0.01781632254788501,-0.0004953077929238381,0.19849079694333338,0.02746110428110842,-0.4457309268984213,0.24367810766464015,0.24082566031374708,0.18079627057950187,-0.5910808741798617,0.19255325246781796,0.940349638644925,0.12880928109276987,0.0,,,,,0.19849079694333338,0.5265690063880011,0.18355379733636457,0.8466649243520415,0.940349638644925,0.9059058452370942,,,16.229999542236328,-0.12695054907627187,0.5380473067252163
2007-07-31,1455.27001953125,2546.27001953125,23.520000457763672,0.6992014646530151,,-0.03198187836198829,0.1399041096060687,0.023386543180971494,-0.04922840144928886,-0.021880495140595868,0.21745473528134251,0.02505137707055718,-0.45785860865900296,0.4491682761022959,0.5732441978485745,0.21618143242524018,-0.4074073753699723,0.10772240607689265,1.066847968285431,0.1291456030702489,0.0,,,,,0.21745473528134251,0.5902624896445046,0.1399041096060687,0.5213363693363966,1.066847968285431,1.062898822127349,,,23.520000457763672,1.0208801667656064,0.7988444619684643
2007-08-31,1473.989990234375,2596.360107421875,23.3799991607666,0.7817119359970093,,0.012863572018857905,0.1305165214181998,0.023183045961010732,-0.0369980825178472,0.019671946614619573,0.1889456702561534,0.023579688407239233,-0.4471936321509674,-0.005952435980963511,0.8992687541674831,0.20476556334884102,-0.4109347450308737,0.11800671982994304,0.7574711401434806,0.10550899618752357,0.0,,,,,0.1889456702561534,0.4271491198532465,0.1305165214181998,0.42801313579878175,0.7574711401434806,0.5702563804083128,,,23.3799991607666,1.0690838337285822,0.6236256174472308
2007-09-30,1526.75,2701.5,18.0,0.830606997013092,,0.03579400817860079,0.1429052871976353,0.024013128707677744,-0.0025283840074826758,0.04049511170564335,0.19618499655533217,0.024115134082091413,-0.42480767653332985,-0.2301111785236778,0.5025042310343784,0.22131141652127945,-0.5464852450791702,0.0625486944288769,0.8371055219462575,0.1048876663885284,0.0,,,,,0.19618499655533217,0.4376394961377667,0.1429052871976353,0.4936606027372496,0.8371055219462575,0.6675924157148653,,,18.0,0.292802040497501,0.4729236387718456
2007-10-31,1549.3800048828125,2859.1201171875,18.530000686645508,0.810896098613739,,0.014822338223554832,0.12441766025128809,0.023216396517565487,0.0,0.05834540706551916,0.2080568233443132,0.025539755790043604,-0.3912478462797052,0.029444482591417076,0.6693693738587054,0.2179001531296912,-0.533131737772953,-0.023730715573351158,0.5219379517851246,0.09972665406695881,-0.023730715573351158,,,,,0.2080568233443132,0.4720536658322068,0.12441766025128809,0.3250848962444886,0.5219379517851246,0.14186230411267642,,,18.530000686645508,0.4598056980593991,0.3497016410621927
2007-11-30,1481.1400146484375,2660.9599609375,22.8700008392334,0.7228848338127136,,-0.04404341737941575,0.057481283054735766,0.027815626159965398,-0.04404341737941575,-0.06930809064605825,0.09424819763606962,0.035126625747743834,-0.4334392957307346,0.23421478638776905,1.0962420860764945,0.22161323541295305,-0.42378428746421615,-0.1085358098916549,0.27899436495604624,0.10817009872717542,-0.12969089303094383,,,,,0.09424819763606962,-0.1459685892662317,0.057481283054735766,-0.24166709861683897,0.27899436495604624,-0.28640809962235003,,,22.8700008392334,1.374322493734426,0.17506967655725134
2007-12-31,1468.3599853515625,2652.280029296875,22.5,0.7797256112098694,,-0.008628508561297932,0.035295730663479574,0.027964167675349053,-0.0522918969367866,-0.0032619549967098926,0.09812071693317748,0.03500570375845676,-0.43528739125096516,-0.016178435752335574,0.9463667113557115,0.22342233573793577,-0.43310655634896267,0.07863047436942372,0.37881737671683857,0.10884017012478919,-0.06125807510193737,,,,,0.09812071693317748,-0.16994704267320476,0.035295730663479574,-0.4884926829421483,0.37881737671683857,-0.15971663146638665,,,22.5,1.3772010742245875,0.1397611792857119
2008-01-31,1378.550048828125,2389.860107421875,26.200000762939453,0.5635934472084045,,-0.06116343227776988,-0.041502073236416526,0.03325274394547747,-0.11025697731758721,-0.09894125770142304,-0.030061660142027713,0.04639877277067859,-0.4911607670004463,0.1644444783528647,1.5143954482827549,0.2174509904434141,-0.3398840597261088,-0.2771900279972863,0.20342611711118286,0.12917734919152285,-0.32146797554665774,,,,,-0.030061660142027713,-0.9536455837771725,-0.041502073236416526,-1.2637875876971378,0.20342611711118286,-0.5176293596093564,,,26.200000762939453,2.296801656489899,-0.10956521864844182
2008-02-29,1330.6300048828125,2271.47998046875,26.540000915527344,0.4902506172657013,,-0.03476119273728817,-0.05415756409142858,0.034115449342150654,-0.141185506015708,-0.049534333237952866,-0.0598762194906306,0.048233496123656384,-0.5163657791323906,0.012977104682715401,0.7211414256948556,0.1819712174317435,-0.3313176660664453,-0.13013428439593389,0.03499928808758179,0.1366590604954862,-0.4097682549886177,,,,,-0.0598762194906306,-1.1758830449340474,-0.05415756409142858,-1.5128644294303526,0.03499928808758179,-0.8815716375944606,,,26.540000915527344,2.464626256172006,-0.27642321394671365
2008-03-31,1322.699951171875,2279.10009765625,25.610000610351562,0.45357921719551086,,-0.005959623397817415,-0.06908494516818964,0.03382686068189237,-0.14630371696844147,0.0033546926466538896,-0.05886085514148198,0.04824738162212472,-0.5147433349679758,-0.03504145716256102,0.7493169405581457,0.18116602691988964,-0.35474926942633933,-0.07480133380498244,0.03144472470702153,0.13683943341178362,-0.4539183767695114,,,,,-0.05886085514148198,-1.241527383382686,-0.06908494516818964,-1.8583155976117536,0.03144472470702153,-0.9484106917338938,,,25.610000610351562,2.3517115169879537,-0.4241355389350949
2008-04-30,1385.5899658203125,2412.800048828125,20.790000915527344,0.47099822759628296,,0.047546697641229096,-0.06528736389407563,0.034401437464200844,-0.10571327792169893,0.058663483586950615,-0.044469715991916625,0.049842582560616466,-0.4862764885634112,-0.18820771495319588,0.4620253533842795,0.19378293750256326,-0.4761904349994882,0.03840345796369182,-0.06278536159085168,0.1309416285512631,-0.43294695410703476,,,,,-0.044469715991916625,-1.1766268971333143,-0.06528736389407563,-1.8999387934456424,-0.06278536159085168,-1.1859858386402142,,,20.790000915527344,1.1959340785244308,-0.766654362673685
2008-05-31,1400.3800048828125,2522.659912109375,17.829999923706055,0.5661147236824036,,0.01067418170406853,-0.08508969610344308,0.03276787287356157,-0.09616749895469934,0.045532104218336755,-0.031430016589623966,0.050872409322458255,-0.46288557610127057,-0.142376183812987,0.3662834990887478,0.19818295114198173,-0.5507684419090018,0.2019466115011581,0.06957401291507415,0.14263794886840972,-0.3184325129475397,,,,,-0.031430016589623966,-1.0897094254267863,-0.08508969610344308,-2.1370947803115024,0.06957401291507415,-0.9387498171589259,,,17.829999923706055,0.49088491587938177,-0.9186672767544584
2008-06-30,1280.0,2292.97998046875,23.950000762939453,0.4290553331375122,,-0.08596238482631446,-0.14856818386476234,0.03995160202900046,-0.17386309622808582,-0.09104672831169436,-0.11917886714877757,0.057058193073120385,-0.5117880871262704,0.3432417759630211,0.4756624422947697,0.20912972369964833,-0.39657340409121244,-0.24210532743851254,-0.3202614267991176,0.14863867586304996,-0.48344363257181977,,,,,-0.11917886714877757,-1.585298793553356,-0.14856818386476234,-2.693250688727498,-0.3202614267991176,-1.6763617297712095,,,23.950000762939453,1.9069117228965198,-1.011999872288886
2008-07-31,1267.3800048828125,2325.550048828125,22.940000534057617,0.26220035552978516,,-0.009859371185302779,-0.12911007038333533,0.03948190546429808,-0.18200828661224988,0.014204253258555122,-0.08668364667143902,0.057267706198276015,-0.5048534014719683,-0.04217119819239101,-0.024659860221839525,0.1682555970796724,-0.4220206266618418,-0.3888891821658118,-0.6250002770519019,0.17619142445860328,-0.6843268158435074,,,,,-0.08668364667143902,-1.3356814747507062,-0.12911007038333533,-2.327630613340368,-0.6250002770519019,-2.1537195910964706,,,22.940000534057617,1.6267926777949995,-1.0475597503481364
2008-08-31,1282.8299560546875,2367.52001953125,20.649999618530273,0.2897041141986847,,0.012190464669121548,-0.12968882790668868,0.03944581098898534,-0.17203658753056228,0.018047330662384287,-0.08813880911067373,0.0572034205206117,-0.4959173270819781,-0.09982566966934103,-0.11676645167795696,0.17123861080395636,-0.4797178046603896,0.10489596252959776,-0.6293978627444252,0.1750093694404899,-0.6512139733466291,,,,,-0.08813880911067373,-1.3038470553175694,-0.12968882790668868,-2.1966627922189983,-0.6293978627444252,-2.044764146043892,,,20.649999618530273,1.0798057409851436,-1.116367063148829
2008-09-30,1166.3599853515625,2091.8798828125,39.38999938964844,0.24546903371810913,,-0.09079143354379215,-0.2360504435228017,0.042654282941380156,-0.24720857267047258,-0.11642568360343775,-0.22565986199796406,0.06320000526251932,-0.554605496869107,0.9075060589493584,1.1883332994249134,0.29841271775461314,-0.007558560026219463,-0.1526905498146922,-0.7044703035240142,0.1719476914486492,-0.7044703035240142,,,,,-0.22565986199796406,-2.110156935842063,-0.2360504435228017,-2.9618160306467387,-0.7044703035240142,-2.0653720887466354,,,39.38999938964844,4.434327514043821,-0.675754385297904
2008-10-31,968.75,1720.949951171875,59.88999938964844,0.2007758766412735,,-0.16942452401777075,-0.374749901930436,0.05862833691182921,-0.374749901930436,-0.17731894392612801,-0.3980840676030206,0.0727998282102828,-0.6335823797947795,0.5204366671147329,2.232055972497125,0.3210589649874336,0.0,-0.18207248547757837,-0.7524024631706722,0.1732088991360285,-0.7582781298938313,,,,,-0.3980840676030206,-2.9780254145915235,-0.374749901930436,-3.667444738457576,-0.7524024631706722,-2.037514759213441,,,59.88999938964844,5.587769777893099,-0.7738037835923604
2008-11-30,896.239990234375,1535.5699462890625,55.279998779296875,0.17120955884456635,,-0.0748490423387097,-0.39489853668756225,0.05964558865022832,-0.42154927299312717,-0.10771957938496624,-0.42292632402178054,0.0750705065546055,-0.6730527317225261,-0.07697446413980713,1.417140216473637,0.32514485320308967,-0.07697446413980713,-0.14726030981069171,-0.763157904501115,0.17385616776198443,-0.7938741673736854,,,,,-0.42292632402178054,-2.8745276425710222,-0.39489853668756225,-3.3762048276250636,-0.763157904501115,-1.9606044212576432,,,55.279998779296875,4.122864435570505,-1.0221181139708062
2008-12-31,903.25,1577.030029296875,40.0,0.18496136367321014,,0.007821576633499472,-0.38485793060906714,0.06059480431484632,-0.41702487630313945,0.026999801023722236,-0.4054059104328629,0.0769755952983672,-0.6642252205337847,-0.2764109825743962,0.7777777777777777,0.34269878811612475,-0.3321088594481817,0.08032147808480983,-0.7627865995241416,0.17401261464600606,-0.7773178358256778,,,,,-0.4054059104328629,-2.651976774510447,-0.38485793060906714,-3.0146091023219412,-0.7627865995241416,-1.8687790438222882,,,40.0,2.2980237131005548,-1.3093353018885305
2009-01-31,825.8800048828125,1476.4200439453125,44.84000015258789,0.18221096694469452,,-0.08565734305805428,-0.4009067675236928,0.061850026234913584,-0.4669609764679531,-0.06379712718369723,-0.3822148671546973,0.07515614607935624,-0.6856466868444688,0.12100000381469722,0.7114503376662178,0.342077052193161,-0.2512940288936091,-0.01487011489261636,-0.676697861113852,0.16565863951090784,-0.7806291451914864,,,,,-0.3822148671546973,-2.4718040961681518,-0.4009067675236928,-2.8965294960968198,-0.676697861113852,-1.6606934396337736,,,44.84000015258789,2.590486930983924,-1.109635025228705
2009-02-28,735.0900268554688,1377.8399658203125,46.349998474121094,0.18977446854114532,,-0.10993119762019943,-0.44756241467724345,0.06500619587554245,-0.5255585947031327,-0.06676966932904327,-0.3934175173597714,0.0755895158535554,-0.7066359536163528,0.033675252372764586,0.7464203796241704,0.3417218051855236,-0.22608116636360553,0.04150958486898593,-0.6129031522701924,0.16791712495799888,-0.7715231520760304,,,,,-0.3934175173597714,-2.4699793712550746,-0.44756241467724345,-2.975695910276868,-0.6129031522701924,-1.496202224653038,,,46.349998474121094,2.536574678388425,-1.101325706949139
2009-03-31,797.8699951171875,1528.5899658203125,44.13999938964844,0.22598741948604584,,0.08540446199532292,-0.3967868567544006,0.07476367352336118,-0.4850391817354488,0.10941038418075588,-0.3293010836196869,0.08630742988982247,-0.6745388805966968,-0.04768067221634498,0.723545425133924,0.3421572064157392,-0.2629821365922784,0.19082098463128672,-0.5017685755460084,0.1828216750149942,-0.7279249749897256,,,,,-0.3293010836196869,-2.07024915317674,-0.3967868567544006,-2.5148553487380187,-0.5017685755460084,-1.274159599363222,,,44.13999938964844,2.19322658317892,-0.9165093795247653
2009-04-30,872.8099975585938,1717.300048828125,36.5,0.2631172835826874,,0.09392507914826331,-0.37008060170105017,0.0805917172248564,-0.4366714461216964,0.12345369734684986,-0.28825430451139045,0.09398747623825375,-0.6343595020637145,-0.17308562517651838,0.7556516783382821,0.3410748495847616,-0.39054933424646576,0.1643005800105355,-0.44136247619127167,0.19110258003638814,-0.6832228905741566,,,,,-0.28825430451139045,-1.7665867242087756,-0.37008060170105017,-2.2204503962828634,-0.44136247619127167,-1.1420549698035405,,,36.5,1.459115934955038,-0.9174940388350353
2009-05-31,919.1400146484375,1774.3299560546875,28.920000076293945,0.23905164003372192,,0.05308144638516654,-0.34364957265627794,0.08363480995326128,-0.40676915169177186,0.033209052352545676,-0.2966432187162936,0.09322547836614072,-0.6222169276255375,-0.2076712307864672,0.621985429054493,0.34559157972512355,-0.517114704107134,-0.0914635603609163,-0.5777328692693877,0.17717594206907028,-0.7121964528430839,,,,,-0.2966432187162936,-1.7436055996868296,-0.34364957265627794,-1.962038055181478,-0.5777328692693877,-1.3282964079671615,,,28.920000076293945,0.7755494358832595,-1.0645976567380524
2009-06-30,919.3200073242188,1835.0400390625,26.350000381469727,0.25876250863075256,,0.00019582726560996022,-0.28178124427795415,0.08218923758102646,-0.4066529809168722,0.034215779765565335,-0.19971388555805625,0.09214157184203017,-0.6092907852220142,-0.08886582600429782,0.10020874914726785,0.33850691598441734,-0.5600267047919834,0.08245443785388851,-0.39690177782309677,0.17034579385550058,-0.6884657731499053,,,,,-0.19971388555805625,-1.1479622955608406,-0.28178124427795415,-1.546667460958452,-0.39690177782309677,-1.0326395534897836,,,26.350000381469727,0.534762125406893,-0.7981267961505457
2009-07-31,987.47998046875,1978.5,25.920000076293945,0.29635053873062134,,0.07414172714778422,-0.22084932958993875,0.08694205025245683,-0.3626612081240598,0.07817810940560843,-0.14923353251546145,0.09572636788363269,-0.5787458774833215,-0.016318796924123524,0.1299040746669602,0.337966212002234,-0.5672065396485204,0.14526072690656244,0.13024461058351555,0.1325086222558937,-0.6432120849013866,,,,,-0.14923353251546145,-0.827966365109978,-0.22084932958993875,-1.1636686373244656,0.13024461058351555,-0.22584183851425338,,,25.920000076293945,0.48187326584508666,-0.4339008937759026
2009-08-31,1020.6199951171875,2009.06005859375,26.010000228881836,0.33279281854629517,,0.03356018886854417,-0.20439962420578361,0.08780864211067455,-0.3412719978954536,0.01544607459881231,-0.151407362125906,0.09566236892117697,-0.5722391548818717,0.00347222809888037,0.2595641990008448,0.3351164294711516,-0.5657037820344764,0.12297018244599633,0.14873349129608626,0.13367831396265742,-0.5993378098871833,,,,,-0.151407362125906,-0.8197842934860482,-0.20439962420578361,-1.0375578556813785,0.14873349129608626,-0.21054998933037766,,,26.010000228881836,0.47405370618848575,-0.39845960807732966
2009-09-30,1057.0799560546875,2122.419921875,25.610000610351562,0.344481885433197,,0.03572334572311964,-0.0936932256501718,0.08547292088886105,-0.3177400297387729,0.05642432778271278,0.014599327290933939,0.09095668756589156,-0.5481030367443162,-0.015378685698207328,-0.3498349579288954,0.20193493926607273,-0.5723826870704882,0.03512415603786767,0.40336188322960487,0.12212456365994577,-0.585264888603187,,,,,0.014599327290933939,0.14299402689834692,-0.0936932256501718,-0.40579612659576303,0.40336188322960487,0.17551984508732302,,,25.610000610351562,0.4223898905795428,0.08377690899236243
2009-10-31,1036.18994140625,2045.1099853515625,30.690000534057617,0.274118572473526,,-0.019762000526814205,0.0696154233870967,0.06847572768140654,-0.3312228516304996,-0.036425372626138874,0.18836110484151614,0.07247899656317226,-0.5645635520195251,0.19836000791240593,-0.4875605134943086,0.13361724957222623,-0.4875605134943086,-0.20425838319825407,0.36529635461781096,0.12583099377814427,-0.6699780119126478,,,,,0.18836110484151614,1.1191596151764982,0.0696154233870967,0.5031562661111241,0.36529635461781096,0.10196169460514298,,,30.690000534057617,0.8389655504943417,0.6408107815967767
2009-11-30,1095.6300048828125,2144.60009765625,24.510000228881836,0.2993302345275879,,0.05736406145372763,0.22247390969052283,0.06448821355648068,-0.29285907819258283,0.04864780526098933,0.39661505022223253,0.061222487665224264,-0.543380524494634,-0.20136853038883618,-0.5566208254320517,0.14090830116802108,-0.5907496998051696,0.09197356394556877,0.7483266503790054,0.11282620351669616,-0.639624713487852,,,,,0.39661505022223253,2.1864867104483316,0.22247390969052283,1.328461283513006,0.7483266503790054,0.6831555502815203,,,24.510000228881836,0.2891080361147063,1.121802895089391
2009-12-31,1115.0999755859375,2269.14990234375,21.68000030517578,0.4281385540962219,,0.017770570919338313,0.2345419048834072,0.0643978182514258,-0.28029278029163784,0.05807600439056948,0.438875519292083,0.06174295880625383,-0.5168618898303649,-0.11546307210439233,-0.4579999923706055,0.12473844730817862,-0.6380029967253094,0.43032178079813166,1.3147458776993957,0.15695081465934485,-0.4845473784403076,,,,,0.438875519292083,2.2811134752884055,0.2345419048834072,1.3635137836681768,1.3147458776993957,1.5136489514621603,,,21.68000030517578,0.03155153794113934,1.2974569370899705
2010-01-31,1073.8699951171875,2147.35009765625,24.6200008392334,0.35273298621177673,,-0.03697424569226215,0.30027363390346684,0.05841614254083071,-0.30690341185962977,-0.053676403027272834,0.4544303340112261,0.06036156668865072,-0.5427950057496651,0.1356088788133336,-0.45093664684538404,0.12653694232665794,-0.588912988977442,-0.1761242176463701,0.9358493735387499,0.17223639969559829,-0.5753310681462789,,,,,0.4544303340112261,2.2218151328588607,0.30027363390346684,1.658172599266795,0.9358493735387499,0.8995012421002649,,,24.6200008392334,0.27166153310881996,1.2627876268336853
2010-02-28,1104.489990234375,2238.260009765625,19.5,0.3712978661060333,,0.028513689046546054,0.5025234323462486,0.0405678310575266,-0.28714067126617315,0.04233585953617891,0.6244702326028493,0.05147257684662365,-0.5234388393338435,-0.20796103430973,-0.5792880120397941,0.1326143112340979,-0.6744030689809886,0.052631538925907106,0.9565217015772152,0.17210250183874543,-0.5529800887287963,,,,,0.6244702326028493,2.8102531749834565,0.5025234323462486,2.5397657269321163,0.9565217015772152,0.9080750990579274,,,19.5,-0.18809189519881583,1.5175005264436712
2010-03-31,1169.4300537109375,2397.9599609375,17.59000015258789,0.39880141615867615,,0.058796425545497355,0.4656899756446875,0.038237244511320906,-0.2452270908198616,0.07135004444304838,0.56873982857178,0.0480282374685582,-0.48943617934048256,-0.09794871012369788,-0.6014952334432284,0.13293637460121224,-0.7062948683945354,0.07407408596522469,0.7647062702236005,0.1679212778757815,-0.5198674973931261,,,,,0.56873982857178,2.3809494334573187,0.4656899756446875,2.2210248714826855,0.7647062702236005,0.5936351663154618,,,17.59000015258789,-0.3623424693333536,1.2083167504805281
2010-04-30,1186.68994140625,2461.18994140625,22.049999237060547,0.3600671887397766,,0.014759230482012997,0.3596200143509296,0.03328387742166907,-0.23408722349169242,0.0263682386273163,0.43317409388403094,0.04007701826146732,-0.4759735106828581,0.2535531009541514,-0.39589043186135486,0.1565215122459239,-0.6318250215098227,-0.09712660449402177,0.36846650222664556,0.1701882546806483,-0.5665011370785489,,,,,0.43317409388403094,1.7044572574645984,0.3596200143509296,1.648188208497385,0.36846650222664556,-0.02043511559269482,,,22.049999237060547,0.021228712490124046,0.8383597657148532
2010-05-31,1089.4100341796875,2257.0400390625,32.06999969482422,0.301163911819458,,-0.08197584207319053,0.1852492730352695,0.044423274297818005,-0.29687356830057643,-0.08294764207719163,0.27205203934060984,0.05184265992619621,-0.5194402723577037,0.45442180519092945,0.1089211483478647,0.19910107510600836,-0.46451828315818466,-0.1635896820437267,0.2598278421222051,0.1763691359519038,-0.637417078230186,,,,,0.27205203934060984,0.983810746610867,0.1852492730352695,0.818292384231533,0.2598278421222051,-0.189809385439069,,,32.06999969482422,0.8782855074607169,0.622644813216012
2010-06-30,1030.7099609375,2109.239990234375,34.540000915527344,0.2340092658996582,,-0.05388244223983851,0.121165592748812,0.048625346030376604,-0.3347597376439243,-0.06548401723946207,0.14942450591539158,0.057319159738096696,-0.5509092538472231,0.07701905968841527,0.3108159550470868,0.19620088311535833,-0.4232759848466898,-0.22298370848648597,-0.09566008175634366,0.1900616752172771,-0.7182671627602846,,,,,0.14942450591539158,0.44773310747359507,0.121165592748812,0.5129084079779896,-0.09566008175634366,-0.721841851894246,,,34.540000915527344,1.0601838423322747,0.3247458764724034
2010-07-31,1101.5999755859375,2254.699951171875,23.5,0.21063128113746643,,0.06877784957463517,0.11556689489848249,0.04800958876617685,-0.28900594294860726,0.06896321026102714,0.13960068292740702,0.0564241141515698,-0.5199385142940076,-0.31962943320491777,-0.09336420019949154,0.22183755692130766,-0.6076139549258067,-0.09990196188306544,-0.2892495419793131,0.18704295351956393,-0.7464128259274145,,,,,0.13960068292740702,0.40725317174193787,0.11556689489848249,0.48734514551463376,-0.2892495419793131,-0.9855073421185628,,,23.5,0.07127900479720758,-0.004907505016195891
2010-08-31,1049.3299560546875,2114.030029296875,26.049999237060547,0.2138400673866272,,-0.04744918363260475,0.028129922081531866,0.050080514088067137,-0.3227420305233294,-0.06238964160259419,0.0522482990262616,0.060380189910775685,-0.5498893783344133,0.10851060583236372,0.0015378319041419175,0.22346261434516856,-0.5650359074546408,0.01523413916409977,-0.35743785481693113,0.18244844482669634,-0.742549643627362,,,,,0.0522482990262616,0.04213770078110832,0.028129922081531866,0.08711103445443949,-0.35743785481693113,-1.0588307531328802,,,26.049999237060547,0.2794442921978682,-0.16253443142486607
2010-09-30,1141.199951171875,2368.6201171875,23.700000762939453,0.26770102977752686,,0.08755110305113556,0.07957770330935654,0.05509822797875272,-0.26344734824547467,0.12042879446480792,0.11599975705797205,0.06763637895877514,-0.4956830987914215,-0.09021107650467108,-0.07458023435735828,0.22564852646165404,-0.604274486484035,0.2518749785722707,-0.22288793374175764,0.1986348024309417,-0.6777043406325803,,,,,0.11599975705797205,0.3170012739935909,0.07957770330935654,0.3285848010582915,-0.22288793374175764,-0.824038014273362,,,23.700000762939453,0.05247390296079455,-0.03149450906517124
2010-10-31,1183.260009765625,2507.409912109375,21.200000762939453,0.275493860244751,,0.03685599403554063,0.14193350319515852,0.05494829072801419,-0.23630096810554813,0.05859521073673646,0.22605137624338645,0.0671049287657375,-0.46613254368700696,-0.10548522867177879,-0.3092212318662825,0.22033987382941012,-0.6460176827685238,0.029110199813950466,0.005017127292087364,0.1884055603765426,-0.6683222495892258,,,,,0.22605137624338645,0.7743724847695002,0.14193350319515852,0.6117017440251036,0.005017127292087364,-0.44144115561378616,,,21.200000762939453,-0.18222108323184483,0.1906029974872432
2010-11-30,1180.550048828125,2498.22998046875,23.540000915527344,0.31193605065345764,,-0.002290249746576656,0.07750795758317652,0.0531917128952804,-0.23805002961980526,-0.0036611212216602906,0.16489315802930737,0.06671518133051224,-0.46808709716086827,0.11037736171587964,-0.03957565501005078,0.2138908642381797,-0.6069460484984399,0.13227950117048382,0.042113407440329764,0.19024397507188393,-0.6244480822155404,,,,,0.16489315802930737,0.5050878874815068,0.07750795758317652,0.3112923768092916,0.042113407440329764,-0.3620269895250709,,,23.540000915527344,0.012162817645766117,0.11662902310287342
2010-12-31,1257.6400146484375,2652.8701171875,17.75,0.3529621660709381,,0.06530004034715509,0.12782713853760175,0.05573187408790661,-0.18829466581146492,0.06189988028633553,0.1691030700296241,0.06694924046278304,-0.43516175215236874,-0.24596434538403822,-0.18127307425533346,0.2242970063164051,-0.7036233063801306,0.13152091696851675,-0.1755889239734021,0.14586609647409768,-0.5750551496192432,,,,,0.1691030700296241,0.5109225750707634,0.12782713853760175,0.536131260964417,-0.1755889239734021,-0.6918075391888847,,,17.75,-0.5282682283172128,-0.04325548286772926
2011-01-31,1286.1199951171875,2700.080078125,19.530000686645508,0.548237144947052,,0.022645574359139164,0.19764962329247115,0.053635890261693873,-0.16991313230838856,0.017795805618840754,0.2574009618049864,0.0633523014542184,-0.42511000048758574,0.100281728825099,-0.20674248493430925,0.2226674881431691,-0.6739021391604634,0.5532462049682334,0.5542553897068669,0.20750685867111543,-0.33995602382529566,,,,,0.2574009618049864,0.871298425979006,0.19764962329247115,0.8463671352124921,0.5542553897068669,0.4973898381577476,,,19.530000686645508,-0.3774529769389944,0.4594006056025628
2011-02-28,1327.219970703125,2782.27001953125,18.350000381469727,0.5193585753440857,,0.03195656372809341,0.2016586681980579,0.05371533816032354,-0.14338640842114814,0.030439816238089,0.24305040852809134,0.06308237100103328,-0.40761045454531275,-0.060419880373207446,-0.05897433941180885,0.2138539651951045,-0.693604932902347,-0.05267532466402902,0.398765311502679,0.20981606247627926,-0.37472405456283486,,,,,0.24305040852809134,0.7974623108978485,0.2016586681980579,0.8493335849981977,0.398765311502679,0.2518521670625713,,,18.350000381469727,-0.49948884376840846,0.3497898047975523
2011-03-31,1325.8299560546875,2781.070068359375,17.739999771118164,0.4230961501598358,,-0.0010473129391664893,0.1337402795895728,0.052214213998422354,-0.14428355091947453,-0.00043128494482980173,0.15976501428826828,0.06115607802539121,-0.40786594323774195,-0.0332425393825907,0.008527550723653965,0.2115400549683877,-0.7037902829869723,-0.18534867768472685,0.06091937745650644,0.2197800068313678,-0.4906181242376809,,,,,0.15976501428826828,0.44811334788767976,0.1337402795895728,0.5345968755955586,0.06091937745650644,-0.2697008062055607,,,17.739999771118164,-0.5711110645991588,0.0354745881696297
2011-04-30,1363.6099853515625,2873.5400390625,14.75,0.45839250087738037,,0.028495380666536008,0.14908700054848278,0.05243587728547331,-0.1198995849603085,0.0332497809944341,0.16754094867649494,0.061313316163732555,-0.388177615531051,-0.1685456487990531,-0.33106573649177595,0.20428239760438693,-0.753715141921517,0.08342394678895193,0.27307490160861136,0.21687223748885584,-0.44812347773882866,,,,,0.16754094867649494,0.48451515863088035,0.14908700054848278,0.6031664221752815,0.27307490160861136,0.1323875133610824,,,14.75,-0.8614183980471973,0.08966267403001169
2011-05-31,1345.199951171875,2835.300048828125,15.449999809265137,0.4593091309070587,,-0.01350095289522324,0.23479673306368443,0.04425958063922627,-0.13178177920682577,-0.013307623946263503,0.2562028141981101,0.05410183025584039,-0.39631951774547003,0.04745761418746697,-0.518241348416395,0.14436984122968577,-0.7420270501466133,0.001999661922749363,0.5251134444767265,0.20786688264636244,-0.44701991127120366,,,,,0.2562028141981101,0.8387620441449256,0.23479673306368443,0.9746022969538758,0.5251134444767265,0.5860231543657891,,,15.449999809265137,-0.792800763321384,0.40164668303580164
2011-06-30,1320.6400146484375,2773.52001953125,16.520000457763672,0.36533868312835693,,-0.018257461652479323,0.2812915996729348,0.03993831697697921,-0.14763324007894096,-0.021789591307068035,0.31493809731108957,0.04901987250986062,-0.40947346873385004,0.06925570625941835,-0.5217139542594176,0.1437732718636769,-0.7241609513086915,-0.20459085495018547,0.5612146028653926,0.20570222156534557,-0.5601545803946575,,,,,0.31493809731108957,1.056377505911717,0.2812915996729348,1.1561936796619465,0.5612146028653926,0.6515937082336738,,,16.520000457763672,-0.7005699799682799,0.5408987284597644
2011-07-31,1292.280029296875,2756.3798828125,25.25,0.3169783651828766,,-0.02147442530666621,0.1730937345105834,0.03872300388095469,-0.16593732639875092,-0.0061799217593702105,0.2225040770413278,0.04755234596603922,-0.4131228764939071,0.5284503208432789,0.07446808510638303,0.19716072552480934,-0.5783937175266647,-0.1323711946716838,0.5048969149838849,0.20811976985467734,-0.6183774440586847,,,,,0.2225040770413278,0.6532573884951318,0.1730937345105834,0.657929630558752,0.5048969149838849,0.556785154188798,,,25.25,0.11138568695986403,0.4948394650506364
2011-08-31,1218.8900146484375,2579.4599609375,31.6200008392334,0.3050602078437805,,-0.05679110795232889,0.16158888595086784,0.04014010671290561,-0.21330466973424744,-0.06418560916736848,0.2201624031780791,0.04782999125643937,-0.4507919421725386,0.25227726095973857,0.21381964550112453,0.2070357255025948,-0.4720320393808738,-0.03759927694819187,0.42658114343101783,0.20952181520734212,-0.6327261762291991,,,,,0.2201624031780791,0.6274841359085226,0.16158888595086784,0.5978987761152519,0.42658114343101783,0.4363743137723322,,,31.6200008392334,0.692964439569962,0.5886804163415171
2011-09-30,1131.4200439453125,2415.39990234375,42.959999084472656,0.2867244780063629,,-0.07176198808089651,-0.008569845465310144,0.03968810840937614,-0.26975949064807536,-0.06360248310817851,0.019749804882935873,0.04091378280503134,-0.4857229383933852,0.3586337110772255,0.8126581308660021,0.22257865237062768,-0.2826849303341621,-0.06010528205896726,0.07106229006532216,0.20105117714951648,-0.6548012729998185,,,,,0.019749804882935873,-0.19741075724471943,-0.008569845465310144,-0.15353950286106088,0.07106229006532216,-0.1873106449315569,,,42.959999084472656,1.70929416568244,0.2927583151612757
2011-10-31,1253.300048828125,2684.409912109375,29.959999084472656,0.3392103910446167,,0.10772303843744147,0.059192433179900306,0.049683037674752795,-0.19109576419058116,0.11137286604367036,0.070590771435173,0.049449858170898274,-0.4284464281017393,-0.3026070827990004,0.4132074531264591,0.24312105194073125,-0.49974955101350305,0.18305347838871655,0.23128112816474178,0.2064155643651154,-0.5916114452870783,,,,,0.070590771435173,0.015467325451957649,0.059192433179900306,0.15508444757256562,0.23128112816474178,0.13313348563968372,,,29.959999084472656,0.45369488394516844,0.18934503565234384
2011-11-30,1246.9599609375,2620.340087890625,27.799999237060547,0.3582337200641632,,-0.005058715107011391,0.056253364417117924,0.04973101469446971,-0.1951877802683959,-0.0238673773069199,0.048878649434414,0.05017714393602802,-0.4420879128533528,-0.07209612528097742,0.18096848580508107,0.24501861183946136,-0.5358156700554988,0.05608120954362028,0.14842038717140627,0.20429201192024626,-0.5687085211750067,,,,,0.048878649434414,-0.07136874743394764,0.056253364417117924,0.1469790276186249,0.14842038717140627,0.006750148862073579,,,27.799999237060547,0.22284752530689378,0.07630198858841115
2011-12-31,1257.5999755859375,2605.14990234375,23.399999618530273,0.3176659643650055,,0.008532763666636134,-3.183666393691276e-05,0.0461131087779378,-0.1883205078014053,-0.005797028262504278,-0.017988145945999623,0.046911917612722995,-0.4453221449905347,-0.15827337191666446,0.3183098376636775,0.23690552705399628,-0.6092836891466925,-0.11324382219488338,-0.099999957782554,0.2052391375699319,-0.6175496167172325,,,,,-0.017988145945999623,-0.3392386296293962,-3.183666393691276e-05,-0.09493901158158503,-0.099999957782554,-0.4419353629599631,,,23.399999618530273,-0.22933511552041805,-0.2763620299228406
2012-01-31,1312.4100341796875,2813.840087890625,19.440000534057617,0.33852270245552063,,0.043583062704985354,0.020441357853319575,0.04738693841596809,-0.1529450295965632,0.08010678593163667,0.04213208737298735,0.052267070994350004,-0.400888684798272,-0.16923073286448964,-0.004608302581854629,0.2440385921214339,-0.6754048967745074,0.06565619370714293,-0.38252505220489086,0.11647759505561546,-0.5924393802690482,,,,,0.04213208737298735,-0.08952279660251658,0.020441357853319575,0.0045887111840680755,-0.38252505220489086,-0.9637553499993191,,,19.440000534057617,-0.6474376958491279,-0.4240317828167239
2012-02-29,1365.6800537109375,2966.889892578125,18.43000030517578,0.34723228216171265,,0.04058946376811723,0.028977926686438726,0.04793385336393953,-0.1185635225657693,0.05439179196648403,0.06635584316075094,0.05377630883813912,-0.3683019467770531,-0.05195474285673918,0.004359668776183767,0.2437835201109628,-0.6922691518951447,0.025728199742634406,-0.3314209129373398,0.11746693760326947,-0.5819535792373784,,,,,0.06635584316075094,0.00985141078314461,0.028977926686438726,0.04819898662258855,-0.3314209129373398,-0.8395358849575543,,,18.43000030517578,-0.7578170989876288,-0.3848256466348625
2012-03-31,1408.469970703125,3091.570068359375,15.5,0.3529621660709381,,0.03133231453144192,0.062330779502336675,0.04856674154140701,-0.09094607761531381,0.0420238634716934,0.11164767243105533,0.054656475401629705,-0.34175555403307745,-0.15897993796304688,-0.12626830890747953,0.24915785263593776,-0.7411921830361704,0.01650158756424891,-0.1657637018498106,0.1065923581065433,-0.5750551496192432,,,,,0.11164767243105533,0.19128568574813745,0.062330779502336675,0.20097375106741466,-0.1657637018498106,-0.5128255154800532,,,15.5,-1.0576719912848553,-0.2945595174873391
2012-04-30,1397.9100341796875,3046.360107421875,17.149999618530273,0.2979549765586853,,-0.007497452372495994,0.02515385571870965,0.04816888928169739,-0.09776166610242365,-0.014623624869512297,0.060141868917809926,0.054568295827188126,-0.3513814738833376,0.10645158829227563,0.16271183854442528,0.24336760133789848,-0.7136416798579142,-0.15584443546620097,-0.3500003250742795,0.10993131141928254,-0.6412804399311014,,,,,0.060141868917809926,-0.019175707588592935,0.02515385571870965,0.04168334126060755,-0.3500003250742795,-0.8476598700484944,,,17.149999618530273,-0.9000102254829112,-0.43129061546484776
2012-05-31,1310.3299560546875,2827.340087890625,24.059999465942383,0.28489094972610474,,-0.06265072571454366,-0.025921793326568632,0.05167266640287284,-0.1542875524885876,-0.07189564326215059,-0.0028074492295057096,0.05892091064503111,-0.3980143200502432,0.40291545195989253,0.5572815380563279,0.26533722513360714,-0.5982634878753901,-0.04384564065170926,-0.3797402869751516,0.10953066503980159,-0.6570087288566215,,,,,-0.0028074492295057096,-0.2655725637547495,-0.025921793326568632,-0.17238532338703597,-0.3797402869751516,-0.8753174869949621,,,24.059999465942383,-0.217374189492889,-0.38266239090740917
2012-06-30,1362.1600341796875,2935.050048828125,17.079999923706055,0.31674906611442566,,0.03955498222833631,0.03143931659703858,0.05260183429639999,-0.12083541165699074,0.03809586310427138,0.05824008053281515,0.059319495473871164,-0.37508115599614544,-0.29010805058897515,0.033898271817493164,0.2846452208610443,-0.7148104842582748,0.11182565265393452,-0.13299882891640014,0.10242332806709142,-0.6186535061064107,,,,,0.05824008053281515,-0.0037820498075437606,0.03143931659703858,0.09995901566008758,-0.13299882891640014,-0.37710210831856483,,,17.079999923706055,-0.942505119884967,-0.305857565587747
2012-07-31,1379.3199462890625,2939.52001953125,18.93000030517578,0.3103316128253937,,0.012597574204787909,0.06735375848804659,0.05202762292880848,-0.10976007051711789,0.001522962344342238,0.06644227011694825,0.059213517829369275,-0.37412942812845773,0.10831384014832657,-0.2502970176168008,0.24124829230387504,-0.6839205126382469,-0.02026037003914538,-0.02096910416472164,0.0947769962420848,-0.6263797271858256,,,,,0.06644227011694825,0.04076458804812303,0.06735375848804659,0.2699653504666338,-0.02096910416472164,-0.12638783852624316,,,18.93000030517578,-0.7398305602193387,-0.13887211505770625
2012-08-31,1406.5799560546875,3066.9599609375,17.469999313354492,0.32156234979629517,,0.019763369506085704,0.1539843128999503,0.04808128187295183,-0.09216592984167604,0.04335399676120333,0.18899304791799088,0.055487378965876244,-0.3469954373826064,-0.07712630577306967,-0.4475016176571981,0.22860482558694892,-0.7082985558291046,0.03618947121968019,0.054094705006446864,0.0943436696346398,-0.6128586070757279,,,,,0.18899304791799088,0.550221306147596,0.1539843128999503,0.6635932983899603,0.054094705006446864,0.05056333244259577,,,17.469999313354492,-0.8751127997227542,0.09731628431434944
2012-09-30,1440.6700439453125,3116.22998046875,15.729999542236328,0.3057476282119751,,0.024236153617775313,0.27332908026061786,0.0399912147216623,-0.07016352385786873,0.016064774290757144,0.2901507437526014,0.049556280042186936,-0.33650506647332346,-0.09959930392144123,-0.6338454404687887,0.19433890991744063,-0.737351816621405,-0.04918088698611156,0.06634644637905662,0.09367203086491019,-0.6318985641687823,,,,,0.2901507437526014,0.9593448604531072,0.27332908026061786,1.187993919696243,0.06634644637905662,0.10495688880822845,,,15.729999542236328,-1.0458914905599246,0.30160104459941345
2012-10-31,1412.1600341796875,2977.22998046875,18.600000381469727,0.2745770215988159,,-0.01978940971629395,0.12675335447413527,0.030741160825225915,-0.08856443885340037,-0.04460518025665461,0.10908172669101823,0.044324055347004336,-0.366100377582658,0.18245396838869654,-0.3791721979354288,0.19049736348034177,-0.6894306132738982,-0.10194880920400329,-0.19054065309367096,0.08089639353167045,-0.6694260672180588,,,,,0.10908172669101823,0.21789203078159552,0.12675335447413527,0.5242763985334534,-0.19054065309367096,-0.4173282815195117,,,18.600000381469727,-0.7527149085399613,-0.10696869018610598
2012-11-30,1416.1800537109375,3010.239990234375,15.869999885559082,0.27611786127090454,,0.0028467166850427716,0.13570611573302882,0.03046243973088394,-0.08596984003414299,0.011087490715254722,0.14879744203647238,0.043057747650093875,-0.3590720214047023,-0.14677421720003891,-0.42913667909736575,0.19344043894820773,-0.735014191896918,0.005611684703682007,-0.22922425833768778,0.07816704084285259,-0.6675709905360304,,,,,0.14879744203647238,0.37847752413125463,0.13570611573302882,0.5576111447216112,-0.22922425833768778,-0.4823018647930954,,,15.869999885559082,-1.0117040975770468,-0.13947932337931912
2012-12-31,1426.18994140625,3019.510009765625,18.020000457763672,0.28280743956565857,,0.007068230956284616,0.1340569092662105,0.030476553731106998,-0.07950926376249445,0.003079495176903979,0.15905422833791327,0.04279068489995542,-0.3570982867858753,0.13547577742334993,-0.2299144977979497,0.19422403092812054,-0.6991150335379983,0.02422725666482961,-0.10973326925038052,0.0729282979261442,-0.6595171476009117,,,,,0.15905422833791327,0.41625087547923295,0.1340569092662105,0.5414084845136291,-0.10973326925038052,-0.21064177946735962,,,18.020000457763672,-0.7827191170468506,-0.008925384130337055
2013-01-31,1498.1099853515625,3142.1298828125,14.279999732971191,0.28280743956565857,,0.050428096466868855,0.14149537593862238,0.031197982310789883,-0.03309066811865036,0.040609195747091764,0.11666967015455909,0.038479681101889006,-0.33099056526782233,-0.2075472047605389,-0.2654321326816036,0.19746017780193678,-0.7615628672816552,0.0,-0.16458353453320496,0.06934766712294342,-0.6595171476009117,,,,,0.11666967015455909,0.23087503098870266,0.14149537593862238,0.5599596056864362,-0.16458353453320496,-0.31564169543157855,,,14.279999732971191,-1.1277456139473252,-0.16313816817594123
2013-02-28,1514.6800537109375,3160.18994140625,15.510000228881836,0.2938259541988373,,0.011060648765041536,0.10910315311051444,0.02983309264387035,-0.02239602361106985,0.005747712305763875,0.0651524174562994,0.035841255797949424,-0.32714529150714,0.08613449011982044,-0.15843733195565435,0.19868819726468417,-0.7410252064293287,0.038961190872846885,-0.15380576837611837,0.070113253736248,-0.6462515301996595,,,,,0.0651524174562994,0.008901714536426342,0.10910315311051444,0.4019190435439564,-0.15380576837611837,-0.2855203994759278,,,15.510000228881836,-0.9784635700530127,-0.21329080286213942
2013-03-31,1569.18994140625,3267.52001953125,12.699999809265137,0.29777148365974426,,0.03598772398287298,0.11410961827101773,0.03017706683975608,0.0,0.033963173136751124,0.05691281364528389,0.03517138538209245,-0.30429301054671876,-0.1811734608735902,-0.18064517359579768,0.20043340896078404,-0.7879445660595508,0.013428117579555199,-0.15636430109651378,0.07000727757527736,-0.6415013541535928,,,,,0.05691281364528389,-0.033379069657388724,0.11410961827101773,0.41065970912695227,-0.15636430109651378,-0.2841248104182278,,,12.699999809265137,-1.219526530608947,-0.2815926753894028
2013-04-30,1597.5699462890625,3328.7900390625,13.520000457763672,0.3195881247520447,,0.018085767779890016,0.1428274404128862,0.02977056143004779,0.0,0.018751230035321864,0.092710619126261,0.03477868334912265,-0.29124764875029907,0.06456698116643378,-0.21166176335330356,0.19879989238648982,-0.7742527868500779,0.07326638811804331,0.0726054266427012,0.057203973820809384,-0.6152354532272171,,,,,0.092710619126261,0.1061970642213055,0.1428274404128862,0.5235531316975455,0.0726054266427012,0.20291189265306406,,,13.520000457763672,-1.1170922265889194,-0.07110753450425109
2013-05-31,1630.739990234375,3455.909912109375,16.299999237060547,0.3375403583049774,,0.020762811683057825,0.24452622234511057,0.018439753017724023,0.0,0.03818801172653008,0.22231843523560801,0.024913279536397853,-0.2641818056495697,0.20562120452447918,-0.3225270324659125,0.1680616861004438,-0.7278343729641465,0.05617303073091695,0.18480547953344972,0.0563455705336732,-0.5936220625171822,,,,,0.22231843523560801,0.6273920837645478,0.24452622234511057,0.949882149973352,0.18480547953344972,0.43919341647162613,,,16.299999237060547,-0.84371467412056,0.2931882440222414
2013-06-30,1606.280029296875,3403.25,16.860000610351562,0.32750970125198364,,-0.014999301595580827,0.17921535575238057,0.01948571936017242,-0.014999301595580827,-0.015237640288265797,0.15952026145476217,0.025586040202832668,-0.27539393861264283,0.0343559140799079,-0.012880521916697751,0.14485753701092027,-0.7184838740661985,-0.029716911789051226,0.03397211322375515,0.0486859657367045,-0.6056983598383756,,,,,0.15952026145476217,0.3484513142377475,0.17921535575238057,0.6354091653929329,0.03397211322375515,0.10334972861831916,,,16.860000610351562,-0.7741964001094055,0.07825345203489853
2013-07-31,1685.72998046875,3626.3701171875,13.449999809265137,0.33684036135673523,,0.04946207991308538,0.22214572841062474,0.02198898811642281,0.0,0.06556089537574383,0.2336606293179042,0.02942999940234518,-0.22788811643339657,-0.2022538954709635,-0.2894876073727437,0.15296384525285217,-0.7754216071742042,0.02848972127873739,0.08542071589160516,0.048520702317862534,-0.5944648160104219,,,,,0.2336606293179042,0.6361487105616653,0.22214572841062474,0.8005876207909054,0.08542071589160516,0.19142308549342923,,,13.449999809265137,-1.0763871441144794,0.13794306818288016
2013-08-31,1632.969970703125,3589.8701171875,17.010000228881836,0.34580665826797485,,-0.031298019479343964,0.16095069012886998,0.025996906852697402,-0.031298019479343964,-0.010065161255053634,0.17049787506523506,0.02929383269848717,-0.2356595470484376,0.2646840498216487,-0.026330801519895974,0.17148500107001488,-0.7159792886586355,0.026618831766849205,0.07539535796724373,0.04809122812845731,-0.5836699431722651,,,,,0.17049787506523506,0.3553308034099989,0.16095069012886998,0.5069916904325625,0.07539535796724373,0.14621761696048535,,,17.010000228881836,-0.7291343105377875,0.0698514500663148
2013-09-30,1681.550048828125,3771.47998046875,16.600000381469727,0.36479660868644714,,0.029749523259195332,0.1671999816301839,0.026264333487873614,-0.0024795973786161385,0.050589535931047314,0.21027010333217966,0.03119230375857408,-0.1969919182402916,-0.024103459253101978,0.05530838299755669,0.1684025507356691,-0.7228251703014892,0.054914935743534565,0.19312980715432837,0.04636172498161393,-0.5608072048534679,,,,,0.21027010333217966,0.4979390258296162,0.1671999816301839,0.5109177170453194,0.19312980715432837,0.3823291047339768,,,16.600000381469727,-0.7410685359973556,0.16252932790288918
2013-10-31,1756.5400390625,3919.7099609375,13.75,0.35612210631370544,,0.04459575276194472,0.24386754797437682,0.025458614402583842,0.0,0.03930286816750561,0.3165627064928189,0.025057397053572947,-0.16543139746544822,-0.17168676602267607,-0.2607527033333583,0.1679201997478562,-0.7704124204353124,-0.023779010457297578,0.2969843734194004,0.03137814594968186,-0.571250774922027,,,,,0.3165627064928189,0.9274902132148998,0.24386754797437682,0.8346873404305346,0.2969843734194004,0.5924578471046313,,,13.75,-1.0432444589320296,0.327847735454509
2013-11-30,1805.81005859375,4059.889892578125,13.699999809265137,0.3677152097225189,,0.028049471367328715,0.27512744856265403,0.02507341246753888,0.0,0.03576283271915792,0.34869309614813315,0.02496162933323792,-0.13558486014034365,-0.003636377507990063,-0.1367359856296243,0.1624630362356892,-0.7712472875457553,0.03255373144008411,0.33173278986739096,0.031033625923126966,-0.5572933877936945,,,,,0.34869309614813315,1.0519285054318521,0.27512744856265403,0.9597653894683934,0.33173278986739096,0.6483657661455483,,,13.699999809265137,-1.0768880283826818,0.39579290816577806
2013-12-31,1848.3599853515625,4176.58984375,13.720000267028809,0.37761518359184265,,0.023562791975445974,0.2960124957332435,0.02470482909323986,0.0,0.028744609893291306,0.3832011916642686,0.02394271706468544,-0.11073758415922286,0.0014598874483302549,-0.23862375591018736,0.1568143496521305,-0.7709133343320719,0.026922938207517566,0.3352378005748071,0.031040479496879478,-0.5453744250292047,,,,,0.3832011916642686,1.1950381925834654,0.2960124957332435,1.0415757675713015,0.3352378005748071,0.6323319661648295,,,13.720000267028809,-1.050778368226307,0.4545418895233223
2014-01-31,1782.5899658203125,4103.8798828125,18.40999984741211,0.37007227540016174,,-0.035582905955811595,0.18989258682632104,0.02800244419509319,-0.035582905955811595,-0.017408930169742654,0.3060821913380436,0.02677988129161995,-0.12621869145917153,0.3418366974564908,0.28921569969676764,0.17355997944931303,-0.6926031051088282,-0.019975118902617828,0.3085662667450555,0.03296819603121451,-0.5544556249454173,,,,,0.3060821913380436,0.8134803668676612,0.18989258682632104,0.4873449649088764,0.3085662667450555,0.5412420913625958,,,18.40999984741211,-0.4598009259235055,0.34556662430390706
2014-02-28,1859.449951171875,4308.1201171875,14.0,0.4352000951766968,,0.0431170301781616,0.22761895927543097,0.029104719623803576,0.0,0.04976759559420363,0.36324720889100526,0.027238974941519247,-0.08273269665793759,-0.23954371993283974,-0.09735655748540861,0.1895081437985885,-0.7662381008068636,0.17598675746815107,0.481149261859247,0.055184824933190615,-0.4760457150713876,,,,,0.36324720889100526,1.0931769765005752,0.22761895927543097,0.6735448434386845,0.481149261859247,0.9518045760538665,,,14.0,-1.04404949337993,0.418619225653299
2014-03-31,1872.3399658203125,4198.990234375,13.880000114440918,0.42407146096229553,,0.006932165418227054,0.19318886542338576,0.028643088136944626,0.0,-0.025331207079654083,0.28506947448706876,0.030893613383651857,-0.10596818466629121,-0.008571420397077256,0.09291341125178021,0.18020721429041742,-0.7682417723176671,-0.025571304642943327,0.4241506800794632,0.057637225335317344,-0.48944390971027263,,,,,0.28506947448706876,0.6647410230336429,0.19318886542338576,0.4558373551385981,0.4241506800794632,0.7775965808619378,,,13.880000114440918,-1.0793158342170686,0.20471478120427755
2014-04-30,1883.949951171875,4114.56005859375,13.40999984741211,0.4373311698436737,,0.006200789153414155,0.17925975982963016,0.028739665622097774,0.0,-0.020107256999566947,0.23605274298181622,0.033166783113129546,-0.12394471214299552,-0.03386169042893705,-0.008136139543427068,0.18032834252464647,-0.7760894976778054,0.03126762845886755,0.36842121459607124,0.05611381862738845,-0.4734800315716814,,,,,0.23605274298181622,0.36438288853243644,0.17925975982963016,0.34214029711648697,0.36842121459607124,0.6054121157054934,,,13.40999984741211,-1.1373225563787455,0.043653186243917785
2014-05-31,1923.5699462890625,4242.6201171875,11.399999618530273,0.4519525170326233,,0.02103028007328045,0.17956875885076018,0.028745310548099624,0.0,0.031123633333843603,0.22764198867612917,0.03284307028898872,-0.09667868858355921,-0.14988816195025756,-0.30061348760001005,0.17505599566297192,-0.809651031312238,0.03343312390510844,0.3389584561152572,0.05544945227227817,-0.4558768242287037,,,,,0.22764198867612917,0.2827821187865196,0.17956875885076018,0.3137116716929962,0.3389584561152572,0.5009400814589787,,,11.399999618530273,-1.4087874791903383,-0.07783840181296098
2014-06-30,1960.22998046875,4408.18017578125,11.569999694824219,0.44101041555404663,,0.019058331749470137,0.22035382667791192,0.027238314509389402,0.0,0.03902306924040655,0.29528544061742457,0.031604148060110325,-0.06142831850182051,0.014912287893204645,-0.31376042253992764,0.17463768421001977,-0.8068124926909915,-0.02421073246901917,0.34655680081591345,0.05496780922399764,-0.4690504448674956,,,,,0.29528544061742457,0.6893673809916323,0.22035382667791192,0.5952148372527987,0.34655680081591345,0.4967961169643396,,,11.569999694824219,-1.3326785092128928,0.11217495649896941
2014-07-31,1930.6700439453125,4369.77001953125,16.950000762939453,0.41627204418182373,,-0.015079830845342368,0.14530207465874945,0.026626731745865207,-0.015079830845342368,-0.00871338164919555,0.2049983532624926,0.0295569627395658,-0.06960645176784142,0.46499578306142486,0.26022312292252336,0.21258590424782073,-0.7169811164521545,-0.05609475536114894,0.23581402924860706,0.059877734293724824,-0.49883393027176437,,,,,0.2049983532624926,0.05615362078937883,0.14530207465874945,-0.04528633535355085,0.23581402924860706,0.18056862555993242,,,16.950000762939453,-0.4615426113598679,-0.06752667509102687
2014-08-31,2003.3699951171875,4580.27001953125,12.09000015258789,0.4647032916545868,,0.037655295579825276,0.22682598642923946,0.023794935087442733,0.0,0.048171871530799715,0.2758873914691051,0.029658789900297786,-0.02478765328931687,-0.2867256868198952,-0.28924162316824176,0.21865262972882196,-0.7981299002204104,0.11634518375586311,0.34382401421107334,0.06614384496895591,-0.44052567179702906,,,,,0.2758873914691051,0.5228981136079602,0.22682598642923946,0.6343051943095007,0.34382401421107334,0.4740448088240564,,,12.09000015258789,-1.1922083649521589,0.10975993794733957
2014-09-30,1972.2900390625,4493.39013671875,16.309999465942383,0.4408109188079834,386.9440002441406,-0.015513837249453988,0.17289999214533758,0.025211746773099022,-0.015513837249453988,-0.018968288428853675,0.19141296254747053,0.03012452169228584,-0.043285762361104374,0.34904873946185955,-0.01746993426886101,0.24148137255218993,-0.7276673963573048,-0.05141425351547235,0.20837449776533612,0.06909373030341885,-0.4692906267426551,,,,0.0,0.19141296254747053,-0.11488812894352696,0.17289999214533758,0.10250559975092363,0.20837449776533612,0.10361756952914584,,,16.309999465942383,-0.5025253454130257,-0.10282257626912081
2014-10-31,2018.050048828125,4630.740234375,14.029999732971191,0.4668535590171814,338.3210144042969,0.023201460667203078,0.14887790995370542,0.023526011166596618,0.0,0.030567142731244834,0.18139869544516984,0.02958760935045906,-0.01404174170618211,-0.1397915271384379,0.02036361694335942,0.23930709031758615,-0.7657371869101041,0.05907893633765027,0.3109367566357517,0.06868283626525194,-0.43793688146619014,-0.12565897341518484,,,-0.12565897341518484,0.18139869544516984,-0.18806045177868685,0.14887790995370542,-0.14297455185129304,0.3109367566357517,0.3953070601541594,,,14.029999732971191,-0.8396687629216749,-0.19384917659937384
2014-11-30,2067.56005859375,4791.6298828125,13.329999923706055,0.5031397342681885,378.0469970703125,0.02453358864631494,0.14494879943455086,0.023327467670038494,0.0,0.03474382934356379,0.1802364127096321,0.029522069638468405,0.0,-0.0498930735985762,-0.027007291292723612,0.24019617863237924,-0.7774252786850078,0.07772496225025383,0.36828643734335076,0.07036018370217209,-0.3942505467958898,0.11742097290634956,,,-0.022992999421659444,0.1802364127096321,-0.17290488761361297,0.14494879943455086,-0.16902544077931136,0.36828643734335076,0.586606869353708,,,13.329999923706055,-0.9224514525203164,-0.16944372788988318
2014-12-31,2058.89990234375,4736.0498046875,19.200000762939453,0.48106592893600464,320.1929931640625,-0.004188587515997044,0.11390633786748117,0.02340838751802749,-0.004188587515997044,-0.011599409696555374,0.1339513770485976,0.03002068963955711,-0.011599409696555374,0.44036015550114116,0.3994169379923336,0.26852939297208045,-0.6794122397961146,-0.04387211708550498,0.27395811884508325,0.07341742732905138,-0.4208260577313412,-0.15303389354919228,,,-0.17250818474498086,0.1339513770485976,-0.4953645354734848,0.11390633786748117,-0.4528974794019701,0.27395811884508325,0.40488542093750474,,,19.200000762939453,0.038816963541154645,-0.1261399075991989
2015-01-31,1994.989990234375,4635.240234375,20.969999313354492,0.46067166328430176,217.46400451660156,-0.031040805838410623,0.1191524851405299,0.022641160499806273,-0.03509937622258652,-0.02128558069907205,0.1294775594646167,0.03037227562083123,-0.03263809022446984,0.09218742083758436,0.1390548336317472,0.2538586506893858,-0.6498580810308205,-0.04239390990920888,0.24481538852423967,0.0748735828128236,-0.4453795056616401,-0.32083459301317074,,,-0.43799618451405475,0.1294775594646167,-0.5043204987499796,0.1191524851405299,-0.3778795346150094,0.24481538852423967,0.36897723989542036,,,20.969999313354492,0.3391579482465893,-0.04351621130574487
2015-02-28,2104.5,4963.52978515625,13.34000015258789,0.5313303470611572,254.26300048828125,0.0548925108906233,0.13178631060959067,0.02440924444683139,0.0,0.07082471116527045,0.152133564093061,0.03330645257725494,0.0,-0.36385309540318045,-0.047142846243722114,0.2683275831318245,-0.777258302078166,0.15338187565760641,0.2208874790007349,0.07078879588198,-0.3603107739618736,0.16921879119020078,,,-0.34289457821324243,0.152133564093061,-0.2922673956041205,0.13178631060959067,-0.21416113108761947,0.2208874790007349,0.3534633735259415,,,13.34000015258789,-0.8886152672271199,-0.2603951050982296
2015-03-31,2067.889892578125,4900.8798828125,15.289999961853027,0.5041135549545288,244.2239990234375,-0.017396107114219572,0.10444146379802222,0.02572031752763891,-0.017396107114219572,-0.012622046216204552,0.16715677085683267,0.032181670953648836,-0.012622046216204552,0.1461768955742364,0.1015850025782874,0.2701534822342682,-0.7446986121610181,-0.051223861496275,0.18874671219469286,0.07261990116825955,-0.3930781262771099,-0.03948274599751067,,0.18189656562556927,-0.36883890467523617,0.16715677085683267,-0.11007700160787581,0.10444146379802222,-0.505853923559191,0.18874671219469286,0.28528360256051244,,,15.289999961853027,-0.563544916449416,-0.22354805976399258
2015-04-30,2085.510009765625,4941.419921875,14.550000190734863,0.5347021818161011,236.14500427246094,0.008520819822535275,0.1069880112623871,0.025709256181887297,-0.00902351638601806,0.008271991975292936,0.20095948327555813,0.030491444048637458,-0.004454463705923728,-0.04839763067131375,0.08501121225163577,0.27054856966300483,-0.7570545944395229,0.06067804874703553,0.22264823247616472,0.07364038627318589,-0.35625129123771027,-0.033080265589301217,,0.16633082234939578,-0.3897178813382136,0.20095948327555813,0.28285030393975286,0.1069880112623871,-0.44954313471666846,0.22264823247616472,0.4259907610658441,,,14.550000190734863,-0.6625465480860073,-0.1008121544492697
2015-05-31,2107.389892578125,5070.02978515625,13.84000015258789,0.5354834198951721,230.19000244140625,0.010491382304589791,0.09556187267517191,0.02543222391515218,0.0,0.026026904273387386,0.1950232745601681,0.03029336533878792,0.0,-0.04879725284121206,0.21403514172855642,0.26565882859008666,-0.7689096628212684,0.0014610714256253488,0.18482229817191032,0.07366038572870072,-0.3553107283940544,-0.02521756430715716,,0.15435355217851346,-0.40510770991107536,0.1950232745601681,0.23558464074516344,0.09556187267517191,-0.5813751672247253,0.18482229817191032,0.28682652254457824,,,13.84000015258789,-0.7564425260176638,-0.20385163248816185
2015-06-30,2063.110107421875,4986.8701171875,18.229999542236328,0.4866052269935608,263.0719909667969,-0.021011671979729973,0.05248370241155231,0.026448210391546118,-0.021011671979729973,-0.01640220501509093,0.13127638125719088,0.03058309680090825,-0.01640220501509093,0.3171964841942265,0.5756266225652042,0.27640041763993656,-0.6956086203369163,-0.0912786298989049,0.10338715329939063,0.07936379353590584,-0.41415708181676814,0.14284716180825696,,0.15822914740298835,-0.3201290346902581,0.13127638125719088,-0.4428511688800999,0.05248370241155231,-1.1259338081770207,0.10338715329939063,-0.0378982733457321,,,18.229999542236328,0.0308220388265708,-0.39396530289407045
2015-07-31,2103.840087890625,5128.27978515625,12.119999885559082,0.482733815908432,284.6499938964844,0.019742029435184882,0.08969427193858603,0.02600054663745128,-0.0016844555912514103,0.028356396827215136,0.17358116382206457,0.030309218290366088,0.0,-0.3351618107571117,-0.28495579114904757,0.26959301392206203,-0.797628986323651,-0.007955958691705622,0.15965946465907366,0.07683872702241241,-0.4188180238736622,0.08202318631636807,,0.15331058347829285,-0.2643638518315681,0.17358116382206457,0.0033005488340141294,0.08969427193858603,-0.6299516525709308,0.15965946465907366,0.1530971994140849,,,12.119999885559082,-1.0363335948980386,-0.3774718748052176
2015-08-31,1972.1800537109375,4776.509765625,28.43000030517578,0.546241283416748,230.05599975585938,-0.06258081825586559,-0.015568737418584333,0.0310411977233597,-0.06415985923790091,-0.06859415520764767,0.04284458017910331,0.036413983072555826,-0.06859415520764767,1.3457096182855564,1.3515301858032052,0.45591589315864356,-0.5252963667571902,0.1315579423181792,0.17546247944972237,0.07876337660857215,-0.34235891898206805,-0.19179341405669803,,0.1545356373442836,-0.4054540201923107,0.04284458017910331,-1.3908091763086015,-0.015568737418584333,-1.9665121438953066,0.17546247944972237,0.18600387030025275,,,28.43000030517578,1.873534181130958,-0.32444581719317434
2015-09-30,1920.030029296875,4620.16015625,24.5,0.5989701151847839,236.05999755859375,-0.026442831280001466,-0.026497121990468497,0.0316642234886251,-0.08890612218512584,-0.03273302412154533,0.028212555703837072,0.03741022004597516,-0.09908188519218408,-0.13823426883538625,0.502145971933323,0.4575022174504645,-0.5909166764120113,0.09653029415538894,0.3587914673358952,0.07877731870278247,-0.27887663198273904,0.026097984008702113,-0.38993756871885155,0.1483728377713948,-0.38993756871885155,0.028212555703837072,-1.5060054070002087,-0.026497121990468497,-2.0195011408404806,0.3587914673358952,0.8998926419028301,-0.38993756871885155,,24.5,1.1682089617272784,-0.36435123605264524
2015-10-31,2079.360107421875,5053.75,15.069999694824219,0.6893624067306519,314.1659851074219,0.08298311781266654,0.030380841460970087,0.03964723882306234,-0.013300711584015024,0.0938473622312539,0.09134819579921705,0.045286025531549846,-0.014533096531116674,-0.38489797163982775,0.0741268696826114,0.47441118302557683,-0.7483720178927075,0.15091285734344462,0.4766137976582965,0.0861213343962331,-0.17004984401812584,0.33087345741177954,-0.0713967748630876,0.17715497929755167,-0.18808410284382182,0.09134819579921705,-0.8171325339106009,0.030380841460970087,-1.2684658871666572,0.4766137976582965,1.3333376019556418,-0.0713967748630876,,15.069999694824219,-0.48890058007093157,-0.31029034979813697
2015-11-30,2080.409912109375,5108.669921875,16.1299991607666,0.7736905813217163,377.3210144042969,0.0005048691103348713,0.0062149844026127,0.03907495918368146,-0.012802557592104358,0.010867162379421202,0.0661653856446045,0.0445337729847229,-0.003823867671574943,0.07033838668931347,0.21005245709574472,0.47266111166844743,-0.730672911585393,0.12232778255344168,0.5377250664709303,0.0889868579464705,-0.06852388180697999,0.2010244020379246,-0.0019203503047019455,0.18335256978271164,-0.024869195112915965,0.0661653856446045,-1.0533247527021639,0.0062149844026127,-1.5260717393043235,0.5377250664709303,1.5185321733482828,-0.0019203503047019455,,16.1299991607666,-0.2808450671644999,-0.33542734645567607
2015-12-31,2043.93994140625,5007.41015625,18.209999084472656,0.8039358854293823,430.5669860839844,-0.017530185032692547,-0.007265997205823549,0.03943059598643364,-0.030108311421315648,-0.019821160335963817,0.05729676898539404,0.044895069349149115,-0.02356923451331694,0.12895226484358968,-0.051562585371232594,0.4601218165269634,-0.6959425735505997,0.03909224803538014,0.6711553179571121,0.08501135612403862,-0.03211038635554542,0.14111583942323125,0.3447108315183143,0.17833461694459668,0.0,0.05729676898539404,-1.1138499807651216,-0.007265997205823549,-1.6238700600832932,0.6711553179571121,1.9550476897664604,0.3447108315183143,,18.209999084472656,0.09060117130952586,-0.17301779494310715
2016-01-31,1940.239990234375,4613.9501953125,20.200000762939453,0.7144201397895813,368.7669982910156,-0.0507353220469523,-0.02744374671953509,0.04121388342818183,-0.0793160785920175,-0.07857554078057749,-0.004593082124333625,0.05068260266970974,-0.10029280994622625,0.109280712713689,-0.036719054631760284,0.46023973504566645,-0.6627149612823192,-0.1113468713888679,0.5508228457036213,0.0935035381234948,-0.13988186668463543,-0.1435316449945243,0.6957610943969503,0.15094118244957164,-0.1435316449945243,-0.004593082124333625,-1.6748820203509285,-0.02744374671953509,-1.7778161196719806,0.5508228457036213,1.486794070599267,0.6957610943969503,,20.200000762939453,0.44492034738147146,-0.3802459305105427
2016-02-29,1932.22998046875,4557.9501953125,20.549999237060547,0.7676966190338135,437.6969909667969,-0.0041283603090035426,-0.08185793277797582,0.03719164145083753,-0.083116993550296,-0.01213710543665869,-0.08171192828471818,0.04567097522467886,-0.11121265097402888,0.017326656480292302,0.5404796853074962,0.4405691538399626,-0.6568709392805159,0.07457303661669412,0.44485746632019496,0.08747986151702726,-0.07574024563422621,0.1869201772263378,0.7214340667979726,0.15223971965207148,0.0,-0.08171192828471818,-2.299381765152528,-0.08185793277797582,-2.2613921673811115,0.44485746632019496,1.0674840840249962,0.7214340667979726,,20.549999237060547,0.500009964049713,-0.7483199711147325
2016-03-31,2059.739990234375,4869.85009765625,13.949999809265137,0.8722268342971802,416.72900390625,0.06599111444005845,-0.003941168421491281,0.042390382621573235,-0.02261086214352881,0.0684298618849577,-0.00633147228624642,0.05037422761926871,-0.0503930554350841,-0.3211678672908539,-0.08763898992354824,0.45632571442357317,-0.7670729679173065,0.1361608383724855,0.7302189669862285,0.08748962266213936,0.0,-0.0479052575029868,0.7063392851341268,0.15274096544721502,-0.0479052575029868,-0.00633147228624642,-1.5130800978126115,-0.003941168421491281,-1.3481117295796277,0.7302189669862285,2.057261820762228,0.7063392851341268,,13.949999809265137,-0.665721392997787,-0.3674128499069495
2016-04-30,2065.300048828125,4775.35986328125,15.699999809265137,0.8697786927223206,448.3179931640625,0.0026993982833325436,-0.009690656406761256,0.0423233007211443,-0.019972499582651237,-0.019403109434616095,-0.03360573705922554,0.050625345736187134,-0.06881838290034858,0.1254480303890546,0.07903777343333429,0.4553527236177609,-0.7378527305181644,-0.002806771677498654,0.626660077892597,0.08871104837152792,-0.002806771677498654,0.07580223349397341,0.898486036345699,0.15019513542312982,0.0,-0.03360573705922554,-1.6963235877583522,-0.009690656406761256,-1.3610855225845866,0.626660077892597,1.6113518944385434,0.898486036345699,,15.699999809265137,-0.3574215527970971,-0.4508696921753732
2016-05-31,2096.949951171875,4948.0498046875,14.1899995803833,1.1466811895370483,531.385986328125,0.015324602525288444,-0.0049539676749033035,0.04245502562893276,-0.0049539676749033035,0.036162707387583426,-0.024059026403725703,0.05121077883676948,-0.03514433455647714,-0.09617835969594923,0.025288975717963735,0.4567161154148802,-0.7630656248956993,0.3183597150995394,1.14139438670487,0.11718986159333679,0.0,0.1852881089554299,1.308466834754853,0.1510095823060983,0.0,-0.024059026403725703,-1.5452965602559894,-0.0049539676749033035,-1.267159781479604,1.14139438670487,3.1863932065300955,1.308466834754853,,14.1899995803833,-0.6216468014709603,-0.061927484169114616
2016-06-30,2098.860107421875,4842.669921875,15.630000114440918,1.1537989377975464,673.3369750976562,0.0009109212401243738,0.017328207482185443,0.04191811747328475,-0.004047559109156995,-0.021297255883048982,-0.028915971726535816,0.051365327742148165,-0.05569311255363729,0.10147995607049332,-0.1426220237565876,0.4502971633063881,-0.7390215349185252,0.00620725998249938,1.3711190792712435,0.10790266734884411,0.0,0.26713348191662334,1.5595160192581665,0.15955305707762027,0.0,-0.028915971726535816,-1.5377328219665787,0.017328207482185443,-0.9999615044082059,1.3711190792712435,3.519287406216652,1.5595160192581665,,15.630000114440918,-0.36252800483718906,0.1547662687511696
2016-07-31,2173.60009765625,5162.1298828125,11.869999885559082,1.4014450311660767,624.6810302734375,0.035609800753315435,0.03315841834517408,0.0427625885823528,0.0,0.06596773393421995,0.006600672949675701,0.054393788247980995,0.0,-0.24056303271603208,-0.020627062901037996,0.4436843084182399,-0.8018033059520998,0.21463539725669611,1.9031424461714352,0.11060632228097689,0.0,-0.07226091336683538,1.1945583828138377,0.1665587834594721,-0.07226091336683538,0.006600672949675701,-1.1725198713764617,0.03315841834517408,-0.7991760940242395,1.9031424461714352,4.236408084341702,1.1945583828138377,,11.869999885559082,-0.9985445206214574,0.31654189957988577
2016-08-31,2170.949951171875,5213.22021484375,13.420000076293945,1.5082844495773315,575.4719848632812,-0.0012192428990193127,0.10078689168715793,0.037478059777623134,-0.0012192428990193127,0.009897141914494867,0.09142877763207236,0.049660464860482444,0.0,0.13058131471598222,-0.5279634213070765,0.1892073644250133,-0.7759225210709637,0.07623518299705179,1.7612055246776444,0.11023353037600273,0.0,-0.07877467543494365,1.501443063749631,0.15239204419762897,-0.14534325880467402,0.09142877763207236,-0.38586652095131985,0.10078689168715793,-0.044707759102127986,1.7612055246776444,3.4199743661351234,1.501443063749631,,13.420000076293945,-0.7040464048390891,0.5713384203106466
2016-09-30,2168.27001953125,5312.0,13.289999961853027,1.6848329305648804,609.7349853515625,-0.0012344511393173052,0.1292896394569838,0.036009076677582984,-0.002452188942550837,0.018947940252934448,0.1497436929354281,0.04797826163611212,0.0,-0.009687042749765618,-0.4575510219651826,0.18685516261515647,-0.778093169188609,0.11705251024567898,1.8128831269738805,0.1104453843579148,0.0,0.05953895478755822,1.5829661596951294,0.1514336635142064,-0.09445788973176372,0.1497436929354281,0.12598414759379342,0.1292896394569838,0.24754038046195384,1.8128831269738805,3.1628648646186845,1.5829661596951294,,13.289999961853027,-0.8226281292900872,0.6784403158460861
2016-10-31,2126.14990234375,5189.14013671875,17.059999465942383,1.749747395515442,700.9719848632812,-0.01942567890903446,0.022502016247627266,0.02873892344554229,-0.02183023241656301,-0.02312873932252446,0.026790034473163526,0.04143893599547217,-0.02312873932252446,0.28367189728446807,0.13205041880668578,0.17063107373501052,-0.7151444374719582,0.038528725176802725,1.5382112201530367,0.11004814482851666,0.0,0.14963386012549873,1.2312154023408994,0.1334215785796011,0.0,0.026790034473163526,-0.9906277861555942,0.022502016247627266,-0.9341931185490182,1.5382112201530367,2.4174078585789163,1.2312154023408994,,17.059999465942383,0.16981130877004286,0.16559956566108663
2016-11-30,2198.81005859375,5323.68017578125,13.329999923706055,2.2704927921295166,745.6909790039062,0.034174521829295035,0.056911931535803095,0.030163413978663563,0.0,0.025927231779786508,0.042087325506310336,0.041924316694240654,0.0,-0.21864007379851846,-0.17358954635726542,0.18354725985672696,-0.7774252786850078,0.29761175695916564,1.934626382876179,0.1258437258179016,0.0,0.06379569384552086,0.9762773620790266,0.12757783096538566,0.0,0.042087325506310336,-0.8491952921433816,0.056911931535803095,-0.551780945520632,1.934626382876179,2.9031376067900916,0.9762773620790266,,13.329999923706055,-0.8427966680378696,0.1648411752720521
2016-12-31,2238.830078125,5383.1201171875,14.039999961853027,2.6285512447357178,963.7429809570312,0.01820076244186586,0.09535022667283655,0.0294892939500365,0.0,0.011165197653431047,0.07503079420577463,0.04125604574642213,0.0,0.05326331899554693,-0.22899502099235758,0.180012365142258,-0.7655702103032624,0.15770076603959393,2.269603077031209,0.1252507689770247,0.0,0.2924160384029304,1.2383113710651474,0.14234515021841726,0.0,0.07503079420577463,-0.5709191814206988,0.09535022667283655,-0.14379233792850526,2.269603077031209,3.149463726945064,1.2383113710651474,,14.039999961853027,-0.6100677633751278,0.45617111105518304
2017-01-31,2278.8701171875,5614.7900390625,11.989999771118164,2.6886374950408936,970.4030151367188,0.01788435819838252,0.17453002136721207,0.023000701631084974,0.0,0.043036364939231575,0.2169160483714787,0.03234346080747756,0.0,-0.14601140999321627,-0.4064356773136374,0.18030815504747283,-0.7997996344412962,0.022859075099073145,2.7633842403054034,0.1085433926404832,0.0,0.0069105916320904015,1.6314800934841704,0.1268224846540435,0.0,0.2169160483714787,0.7166718029827145,0.17453002136721207,0.7212364515700643,2.7633842403054034,3.4983525716942445,1.6314800934841704,,11.989999771118164,-1.1949943967349022,0.9353166073780304
2017-02-28,2363.639892578125,5825.43994140625,12.920000076293945,2.502173662185669,1179.969970703125,0.03719816006681631,0.22327047839549463,0.023176543752578303,0.0,0.03751696873404775,0.27808328125157344,0.0314457453026893,0.0,0.07756466413085272,-0.37128951065878435,0.1824710429364166,-0.7842711603278614,-0.06935253755820603,2.2593261454437377,0.12138350818868567,-0.06935253755820603,0.21595868139061847,1.695860367001326,0.12908208742400934,0.0,0.27808328125157344,1.2394858821440213,0.22327047839549463,1.228235400475101,2.2593261454437377,2.5521376828559816,1.695860367001326,,12.920000076293945,-0.8821915605152546,1.0344168512399623
2017-03-31,2362.719970703125,5911.740234375,12.369999885559082,2.6858670711517334,1071.7900390625,-0.0003891971352694146,0.14709622666221778,0.017753679092449723,-0.0003891971352694146,0.014814382061574705,0.21394706527418328,0.027695129836061958,0.0,-0.04256967395410638,-0.11326164482501788,0.15682400756761206,-0.793454666695202,0.07341353309810117,2.079321760738927,0.1214789157157412,-0.0010304192715716587,-0.09168024129983776,1.5719113117061,0.1339565950568815,-0.09168024129983776,0.21394706527418328,0.6328541424393046,0.14709622666221778,0.3573047137523824,2.079321760738927,2.1647394222319565,1.5719113117061,,12.369999885559082,-1.0243203291933058,0.5326444873075844
2017-04-30,2384.199951171875,6047.60986328125,10.819999694824219,2.5717053413391113,1347.8900146484375,0.009091208748854607,0.15440850956484375,0.017555688615046913,0.0,0.02298301743980713,0.26641971211062,0.02527872619906876,0.0,-0.12530316936739472,-0.31082803654309943,0.15551168909686244,-0.8193354515763381,-0.042504609047412045,1.9567352739924337,0.12514324823838477,-0.04349123075069061,0.2576064019287243,2.006549001380758,0.14229068116052798,0.0,0.26641971211062,1.0768505978479566,0.15440850956484375,0.4184569153393005,1.9567352739924337,1.9041785548170715,2.006549001380758,,10.819999694824219,-1.4357435893399562,0.49093561966609317
2017-05-31,2411.800048828125,6198.52001953125,10.40999984741211,3.5629589557647705,2286.409912109375,0.011576251246328662,0.15014669161765015,0.017527920547608256,0.0,0.024953685780273016,0.2527198116840146,0.0248371283270221,0.0,-0.037892778093906454,-0.26638476707193015,0.1537952411717509,-0.8261813332191918,0.3854460301075955,2.107192293965553,0.13670552999306151,0.0,0.6962881891411046,3.302729034893182,0.2224872008431185,0.0,0.2527198116840146,0.9216074727513688,0.15014669161765015,0.34446275963832795,2.107192293965553,2.006473930027565,3.302729034893182,,10.40999984741211,-1.543733583944925,0.43220264461808416
2017-06-30,2423.409912109375,6140.419921875,11.180000305175781,3.568143129348755,2480.840087890625,0.004813775207812565,0.1546314609248347,0.017341406678899846,0.0,-0.009373220941963467,0.26798233638387914,0.02325648016836846,-0.009373220941963467,0.07396738415467818,-0.28470887886646135,0.15210471915114163,-0.8133244211201618,0.0014550191703994741,2.09251725968814,0.13702893568112834,0.0,0.08503732193929925,2.6843960448344912,0.2197577276207566,0.0,0.26798233638387914,1.0271740743825633,0.1546314609248347,0.37566238308350886,2.09251725968814,1.8922192820544794,2.6843960448344912,,11.180000305175781,-1.262100941212744,0.5082386995769519
2017-07-31,2470.300048828125,6348.1201171875,10.260000228881836,4.011199474334717,2875.340087890625,0.019348826001101882,0.13650162764153384,0.01592224216108649,0.0,0.03382508003606999,0.22974823596047012,0.018964110744571636,0.0,-0.0822898077979507,-0.1356360296714033,0.1370554890248332,-0.8286859186267548,0.12417000353537588,1.8621882308128672,0.13294189382416924,0.0,0.15901871383230914,3.602893234379186,0.21014278742524375,0.0,0.22974823596047012,0.6527005370719889,0.13650162764153384,0.15081752222461228,1.8621882308128672,1.5318706336960266,3.602893234379186,,10.260000228881836,-1.4841688364971977,0.21280496412385752
2017-08-31,2471.64990234375,6428.66015625,10.59000015258789,4.185932159423828,4703.39013671875,0.000546433019853243,0.13851077083078667,0.01580847297364521,0.0,0.01268722670266409,0.23314571249944382,0.018878704512047456,0.0,0.032163734536487354,-0.2108792777658154,0.13111103702880858,-0.8231758179911036,0.04356120562119181,1.775293586429839,0.1337725183601409,0.0,0.6357682892979797,7.1731000994534355,0.23835985480841526,0.0,0.23314571249944382,0.6749672700801803,0.13851077083078667,0.1775485763874731,1.775293586429839,1.3692534997748977,7.1731000994534355,3.6724042604629354,10.59000015258789,-1.3348784659460675,0.9118590281518838
2017-09-30,2519.360107421875,6495.9599609375,9.510000228881836,4.416426181793213,4338.7099609375,0.019302978562167672,0.161921755467765,0.015473822021465132,0.0,0.010468714016881098,0.22288402879094504,0.01898935785214398,0.0,-0.10198299415908263,-0.28442435995644244,0.13365738660171061,-0.8412088775121014,0.05506396510762168,1.621284343197459,0.13407495247092785,0.0,-0.07753559989298775,6.115730711164418,0.24930397164180565,-0.07753559989298775,0.22288402879094504,0.5967717347084044,0.161921755467765,0.4862963383366297,1.621284343197459,1.1361210181908952,6.115730711164418,2.4973490172110875,9.510000228881836,-1.5900140110146543,0.6253048194864725
2017-10-31,2575.260009765625,6727.669921875,10.180000305175781,5.109140396118164,6468.39990234375,0.02218813506615125,0.21123162902427572,0.011862949937218733,0.0,0.035669856700295766,0.296490313350664,0.014795916864132657,0.0,0.07045216195254733,-0.40328249567073216,0.09949637318222208,-0.8300216996339572,0.15684949454848285,1.9199302763431803,0.13424302969331667,0.0,0.49085787263504255,8.227758087372575,0.2622319598515646,0.0,0.296490313350664,1.2347823303016197,0.21123162902427572,1.052789966833402,1.9199302763431803,1.4546700912394304,8.227758087372575,2.918135175420585,10.180000305175781,-1.345871934017173,1.0629011259555727
2017-11-30,2647.580078125,6873.97021484375,11.279999732971191,4.961888790130615,10233.599609375,0.028082627806563343,0.20409676487393424,0.011129711726465322,0.0,0.021746056906426947,0.29120645641245635,0.014743468121454903,0.0,0.10805495037521173,-0.15378846230067456,0.08955801375486909,-0.8116547028230416,-0.02882120955208589,1.1853796705854385,0.12330267607618611,-0.02882120955208589,0.5820913616777115,12.723646788707352,0.2751178207558506,0.0,0.29120645641245635,1.15147420014223,0.20409676487393424,0.9469163284805846,1.1853796705854385,0.5191818872693561,12.723646788707352,3.511165251512272,11.279999732971191,-0.9977167737772528,1.026204178725438
2017-12-31,2673.610107421875,6903.39013671875,11.039999961853027,4.783646106719971,14156.400390625,0.009831630594270502,0.1941996552328793,0.011217467315376721,0.0,0.004279902437090977,0.2824142851052598,0.015310587713413029,0.0,-0.02127657595741339,-0.21367521425577374,0.0873247142595776,-0.8156620458446487,-0.03592234549173612,0.8198793408727827,0.12392398337866829,-0.06370822959680233,0.3833256069209823,13.688978981270699,0.2770045084865857,0.0,0.2824142851052598,1.0434405275452316,0.1941996552328793,0.8133627322536673,0.8198793408727827,0.041774990837493066,13.688978981270699,3.033309862821289,11.039999961853027,-1.0315075083975513,0.7800761210120261
2018-01-31,2823.81005859375,7411.47998046875,13.539999961853027,6.0765886306762695,10221.099609375,0.05617870412552817,0.2391272487608005,0.016383634487109926,0.0,0.07360004775733286,0.3199923646131999,0.020843085865351878,0.0,0.2264492761447785,0.1292744137050399,0.10197756668601818,-0.7739188495601601,0.2702838995844612,1.260099638528565,0.13753018613365672,0.0,-0.2779873889308847,9.532839912842773,0.3123631614261962,-0.2779873889308847,0.3199923646131999,1.331232614518358,0.2391272487608005,1.3037678715590044,1.260099638528565,0.5753354264523537,9.532839912842773,1.7395188943433932,13.539999961853027,-0.31155000787736814,0.9276609597991481
2018-02-28,2713.830078125,7273.009765625,19.850000381469727,5.986363887786865,10397.900390625,-0.0389473718793677,0.14815716499221354,0.022087369054708875,-0.0389473718793677,-0.018683207025945725,0.24849107342600285,0.023567107659871973,-0.018683207025945725,0.46602662019159546,0.5363777294313783,0.16555732790638472,-0.6685590151316538,-0.01484792675184976,1.3924653904948099,0.13305565949849704,-0.01484792675184976,0.01729762824029568,7.812004244844518,0.31979057332571775,-0.26549828319980595,0.24849107342600285,0.6746994255293219,0.14815716499221354,0.24121268874296722,1.3924653904948099,0.7181180945616908,7.812004244844518,1.2252506348746892,19.850000381469727,1.447980467364675,0.8614522622146689
2018-03-31,2640.8701171875,7063.4501953125,19.969999313354492,5.728850364685059,6973.52978515625,-0.02688449860055664,0.11772455048983232,0.024598393144933388,-0.06478478991513814,-0.028813321728640817,0.1948174167465362,0.02732297669888468,-0.046958203499625206,0.006045286124870097,0.6143896118113761,0.16374718610676733,-0.666555359544616,-0.04301668390509561,1.132961242280861,0.1379222920781943,-0.05722590208521505,-0.3293328919130871,5.506432725626029,0.34818477710012946,-0.5073938577087412,0.1948174167465362,0.17998015039932122,0.11772455048983232,-0.11237069154670962,1.132961242280861,0.359950352362967,5.506432725626029,0.6024897229989901,19.969999313354492,1.4259523732941406,0.49120038150174183
2018-04-30,2648.050048828125,7066.27001953125,15.930000305175781,5.563360691070557,9240.5498046875,0.0027187749953683227,0.11066609473193023,0.024678888786209364,-0.06224215018667123,0.000399213435471113,0.16844012416126763,0.027521122070897203,-0.04657773640989671,-0.20230341247318184,0.4722736371976006,0.17256388967574648,-0.7340123481796333,-0.02888706513171424,1.1632963161221501,0.13694128549098372,-0.08445987885617245,0.3250893147910252,5.855566629520332,0.3494159551593471,-0.3472528644494257,0.16844012416126763,-0.06758608585191883,0.11066609473193023,-0.1880016539954548,1.1632963161221501,0.3788604643446469,5.855566629520332,0.6798485195945805,15.930000305175781,0.29592595371442687,0.21980943956125615
2018-05-31,2705.27001953125,7442.1201171875,15.430000305175781,6.242292404174805,7494.169921875,0.0216083418545836,0.12168088761990026,0.024940301250035365,-0.041978757991085525,0.05318932005391752,0.2006285522572684,0.02971835457637221,0.0,-0.0313873189216165,0.48222867736272135,0.1722905430115084,-0.7423609874365311,0.12203625664501017,0.7519967200506046,0.09802218712257202,0.0,-0.18899090635565918,2.277701816364633,0.3337779739486413,-0.47061613721818907,0.2006285522572684,0.2251831365565901,0.12168088761990026,-0.037131979863857786,0.7519967200506046,-0.17742457581467014,2.277701816364633,-0.2795236373769448,15.430000305175781,0.1615865179373743,-0.021462107712301663
2018-06-30,2718.3701171875,7510.2998046875,16.09000015258789,5.863828659057617,6404.0,0.00484243626760783,0.12171288216832732,0.024939771352566906,-0.03733960118364288,0.009161325862309111,0.22309221522983425,0.028760147475836186,0.0,0.04277380650412055,0.43917707633147596,0.1720542936229987,-0.7313407861652286,-0.060628967791395594,0.6433838123886759,0.10246048180588875,-0.060628967791395594,-0.14546906905498158,1.5813836334147222,0.34434620289544254,-0.5476251149097892,0.22309221522983425,0.41719718501978476,0.12171288216832732,-0.025549508021769345,0.6433838123886759,-0.33862196722344173,1.5813836334147222,-0.46159092492639814,16.09000015258789,0.348804338821642,-0.01195217526603649
2018-07-31,2816.2900390625,7671.7900390625,12.829999923706055,6.06085729598999,7780.43994140625,0.03602155617289915,0.1400599050299609,0.0259575829649643,-0.0026630755522539795,0.021502501707615806,0.20851368553836447,0.02833307176486112,0.0,-0.2026103292707242,0.2504872941025562,0.18315028554042137,-0.7857739179419055,0.03360068112290948,0.5109837680149831,0.09952506940017952,-0.029065461282055893,0.2149344068404513,1.7059198924583736,0.34513461060497425,-0.4503941873134074,0.20851368553836447,0.2904242830439875,0.1400599050299609,0.21002939032184154,0.5109837680149831,-0.529970563413032,1.7059198924583736,-0.42004222895805876,12.829999923706055,-0.5533832735927446,-0.20058847851960127
2018-08-31,2901.52001953125,8109.5400390625,12.859999656677246,6.951286792755127,7037.580078125,0.030263211276748248,0.17392030998398034,0.02625517595081772,0.0,0.05705969503481012,0.2614665952093196,0.030626071007111684,0.0,0.002338248881495364,0.2143531134449166,0.1833604850577839,-0.7852730040451461,0.14691477678483977,0.6606305424959242,0.10430304010408156,0.0,-0.09547787385747553,0.4962781894666861,0.3117855695211505,-0.5028693817684332,0.2614665952093196,0.7496441332556232,0.17392030998398034,0.6116873791644727,0.6606305424959242,-0.34414293339587104,0.4962781894666861,-0.7424701836616293,12.859999656677246,-0.5262809442929818,-0.05031250978607722
2018-09-30,2913.97998046875,8046.35009765625,12.119999885559082,6.959708213806152,6625.56005859375,0.0042942874264617625,0.1566349613476652,0.026324887492261986,0.0,-0.007792049993202155,0.2386699034541151,0.03157963270129347,-0.007792049993202155,-0.057542752011967346,0.2744479068203054,0.18087973900732257,-0.797628986323651,0.001211490951546157,0.5758687969240062,0.10511364572008644,0.0,-0.058545695389234265,0.5270806572104008,0.31098870738325596,-0.5319742395120802,0.2386699034541151,0.5402894563162892,0.1566349613476652,0.4076896080981397,0.5758687969240062,-0.47168534201248496,0.5270806572104008,-0.7187239154906055,12.119999885559082,-0.7095563345959139,-0.1903973055369151
2018-10-31,2711.739990234375,7305.89990234375,21.229999542236328,5.221388816833496,6317.60986328125,-0.0694033560936963,0.05299658285035491,0.03508591151983882,-0.0694033560936963,-0.09202311437184163,0.08594803062329759,0.04422800729081532,-0.09909811565732829,0.751650143786863,1.0854615821025502,0.27552054717672275,-0.6455167847955299,-0.24976900518965828,0.021970118652565596,0.12816867954133265,-0.24976900518965828,-0.046479119136965674,-0.02331179910627712,0.2833574099133091,-0.5537276645929672,0.08594803062329759,-0.7967834257706421,0.05299658285035491,-0.8039841365944254,0.021970118652565596,-1.2188241700215032,-0.02331179910627712,-0.8548287023608516,21.229999542236328,1.7346358385016338,-0.38795691924915776
2018-11-30,2760.169921875,7330.5400390625,18.06999969482422,4.05153751373291,4017.2685546875,0.01785935665477978,0.042525566905510015,0.03459204346163458,-0.052783498728432465,0.0033726354108472023,0.06642010511375607,0.044018943069669525,-0.09605970206049519,-0.1488459687022321,0.6019503654779359,0.28390150863061653,-0.698280182351321,-0.22404983504178888,-0.18346869809102295,0.1447694316298077,-0.4178581358201525,-0.3641157587086258,-0.607443254765676,0.24538371486734945,-0.7162224545903693,0.06642010511375607,-0.9434425279663893,0.042525566905510015,-0.9058328210588804,-0.18346869809102295,-1.467832074466695,-0.607443254765676,-0.9947642788029494,18.06999969482422,0.8569912713986049,-0.6909760861792618
2018-12-31,2506.85009765625,6635.27978515625,25.420000076293945,3.309553384780884,3742.700439453125,-0.09177689467997252,-0.0623725984962068,0.044156786116416206,-0.1397160878047653,-0.094844343009027,-0.03883749089254507,0.052842736918954386,-0.1817933257379516,0.40675154983953776,1.3025362467507908,0.2980273038479461,-0.5755551789054182,-0.18313643312866534,-0.3081525449527528,0.15342878596520915,-0.5244695204009218,-0.0683469654808112,-0.7356177886907107,0.2046033551531925,-0.7356177886907107,-0.03883749089254507,-1.8475156418823546,-0.0623725984962068,-2.1426934478392443,-0.3081525449527528,-1.5936554605551483,-0.7356177886907107,-1.0049970799470482,25.420000076293945,2.611737726301304,-0.7954247807844983
2019-01-31,2704.10009765625,7281.740234375,16.56999969482422,3.563656806945801,3457.792724609375,0.07868440166582613,-0.04239306414154331,0.047329276688481255,-0.07202516291094707,0.09742776041862511,-0.01750524138709797,0.056277390241062306,-0.10207728190502863,-0.3481510761175416,0.22378136938757565,0.3219320190009833,-0.7233261001220143,0.0767787651752112,-0.4135431862286195,0.12835977281996178,-0.4879588773741286,-0.07612356891843053,-0.6617005159173073,0.1953644879783521,-0.7557435061741204,-0.01750524138709797,-1.5910070715553823,-0.04239306414154331,-1.8083275518068473,-0.4135431862286195,-1.6836076248876908,-0.6617005159173073,-0.9606305512864589,16.56999969482422,0.3874831414950203,-1.131217931608272
2019-02-28,2784.489990234375,7532.52978515625,14.779999732971191,3.828148603439331,3854.785400390625,0.029728889343927145,0.026036969918984187,0.046676992337316744,-0.0444375016651779,0.03444088126040867,0.03568261667375183,0.056761789659239385,-0.07115203219009636,-0.10802655370067082,-0.2554156448899344,0.2973493964449611,-0.7532142280247576,0.07421921100202988,-0.36052190023908115,0.1321694896008199,-0.44995558925224277,0.11481101020191953,-0.629272713184847,0.2011749006161076,-0.7277001713695923,0.03568261667375183,-1.079644474640562,0.026036969918984187,-0.9424314474905312,-0.36052190023908115,-1.5661104961488723,-0.629272713184847,-0.9300656109144565,14.779999732971191,-0.06987580937768624,-0.9176255677144217
2019-03-31,2834.39990234375,7729.31982421875,13.710000038146973,4.45599889755249,4105.404296875,0.01792425624958849,0.07328258360632933,0.0458395202397272,-0.0273097545825276,0.026125358236259277,0.09426974219314799,0.056048424600149464,-0.04688554628404118,-0.07239510921216497,-0.3134701797922088,0.2982863450490878,-0.7710803109389136,0.16400886150268001,-0.22218270440068355,0.1430774913994126,-0.35974343166959066,0.06501500614248945,-0.4112874794607314,0.18468295950189226,-0.7099965963385875,0.09426974219314799,-0.5109829377844323,0.07328258360632933,-0.3371148613176693,-0.22218270440068355,-1.3578938957846067,-0.4112874794607314,-0.8504020243691178,13.710000038146973,-0.3406281881694138,-0.679404381485048
2019-04-30,2945.830078125,8095.39013671875,13.119999885559082,4.491733074188232,5350.7265625,0.03931349831373798,0.11245256842054596,0.04674460986550003,0.0,0.047361258276953366,0.14563837984438766,0.057024206357045665,-0.001744846474102335,-0.04303429255625546,-0.17639675868077087,0.29180900787732417,-0.7809317078098554,0.00801934144448957,-0.1926223511990396,0.14304630322215078,-0.35460899563607196,0.3033373026312973,-0.42095149362371165,0.18098298765270895,-0.6220277461180392,0.14563837984438766,-0.013892874935291677,0.11245256842054596,0.1671873498981117,-0.1926223511990396,-1.294188790796744,-0.42095149362371165,-0.8365889657091745,13.119999885559082,-0.48882465157465665,-0.493261586623551
2019-05-31,2752.06005859375,7453.14990234375,18.709999084472656,3.3654403686523438,8574.501953125,-0.0657777313668354,0.01729588496700507,0.05134329481442395,-0.0657777313668354,-0.07933406834365553,0.0014820756696438675,0.06119545492752625,-0.08094048904833218,0.4260670158287405,0.21257282659914423,0.31409100178340327,-0.6875939342937021,-0.25074791554470044,-0.46086467106193885,0.1525076884034866,-0.5164394446916276,0.6024930171574245,0.14415632985536941,0.24880614619901406,-0.3943021024749047,0.0014820756696438675,-1.327773743704816,0.01729588496700507,-0.9968505889082815,-0.46086467106193885,-1.581333271676251,0.14415632985536941,-0.6636062394395451,18.709999084472656,0.8981960470623547,-0.7342735593333078
2019-06-30,2941.760009765625,8006.240234375,15.079999923706055,4.080218315124512,10817.1552734375,0.0689301639982407,0.08217787973966195,0.05480676731288688,-0.0013816371791429694,0.07420893706395515,0.06603470468355499,0.06468151794514622,-0.012738059642090627,-0.19401386095091377,-0.06277192164720946,0.32219921534981905,-0.7482050412858657,0.2123876426782132,-0.30417163386553514,0.16845819758123529,-0.41373715825751467,0.26154910600902714,0.689124808469316,0.24938717897382112,-0.23588235886566877,0.06603470468355499,-0.6971708034036502,0.08217787973966195,-0.15414847568401538,-0.30417163386553514,-1.359048635241047,0.689124808469316,-0.499364052054778,15.079999923706055,-0.03781870454240779,-0.5495101341851797
2019-07-31,2980.3798828125,8175.419921875,16.1200008392334,4.191770076751709,10085.6279296875,0.013128152166957952,0.058264540041700785,0.05413724061530629,0.0,0.02113097815546716,0.06564698463437657,0.06467418618498194,0.0,0.06896557830165784,0.2564303145043978,0.31346134800240877,-0.7308398563447034,0.027339655138965968,-0.30838660736574586,0.168300634475695,-0.39770893434348487,-0.067626591766352,0.2962799026329359,0.24790576100621506,-0.2875570306441281,0.06564698463437657,-0.6783768717307633,0.058264540041700785,-0.4439510600737526,-0.30838660736574586,-1.3379709365652728,0.2962799026329359,-0.6048988383204241,16.1200008392334,0.23174934540640815,-0.5666896722567609
2019-08-31,2926.4599609375,7962.8798828125,18.979999542236328,4.16582727432251,9630.6640625,-0.018091627240523933,0.008595474523136026,0.053974335555786394,-0.018091627240523933,-0.025997446136534985,-0.018084892058434776,0.06328982453795588,-0.025997446136534985,0.17741926514309903,0.4758942495291141,0.31475871669203126,-0.6830856614515697,-0.006188985071743924,-0.4007113504992659,0.16041273262373304,-0.4014365047576778,-0.045110118116522324,0.36846244811268525,0.24568057047619826,-0.3196954171430574,-0.018084892058434776,-1.4221062179167236,0.008595474523136026,-1.054706886279541,-0.4007113504992659,-1.4121001805255764,0.36846244811268525,-0.5756618914088266,18.979999542236328,0.9321995113231551,-0.7064751329615027
2019-09-30,2976.739990234375,7999.33984375,16.239999771118164,4.328969478607178,8293.8681640625,0.017181177931020697,0.021537556944893455,0.054150577886706276,-0.0012212847761843282,0.004578740540366111,-0.005842432076121451,0.06324606424060633,-0.02153774115674012,-0.14436247825089898,0.33993398716678547,0.31896597107885905,-0.7288362007576655,0.0391620183799386,-0.3779955501554376,0.16143678435365627,-0.3779955501554376,-0.13880620170759905,0.25179880503910823,0.2500102140579449,-0.4141259122937022,-0.005842432076121451,-1.261045135272498,0.021537556944893455,-0.855590694730098,-0.3779955501554376,-1.3576974446167025,0.25179880503910823,-0.6016685570595639,16.239999771118164,0.23291797903366812,-0.7686167705290389
2019-10-31,3037.56005859375,8292.3603515625,13.220000267028809,4.999192237854004,9199.5849609375,0.020431770513684056,0.12015166259771615,0.04919235883309568,0.0,0.03663058621536641,0.13502244246493045,0.05652213496755991,0.0,-0.1859605632175093,-0.37729625284597446,0.2404766349997536,-0.7792619735889696,0.1548227037771739,-0.04255507237138545,0.1524531804235454,-0.2816951394690689,0.10920318227380199,0.45618123942832467,0.24886552705790266,-0.3501465975044139,0.13502244246493045,0.06360648253262426,0.12015166259771615,0.45028811886133474,-0.04255507237138545,-0.9570490545079903,0.45618123942832467,-0.533972409022136,13.220000267028809,-0.5339692546745272,-0.3022192233621389
2019-11-30,3140.97998046875,8665.4697265625,12.619999885559082,5.3941121101379395,7569.6298828125,0.034047037714499906,0.13796616490011715,0.049628706394504465,0.0,0.04499435132841234,0.1821052310452591,0.05721130014233679,0.0,-0.045385807061301686,-0.3016048644885244,0.23702457640457927,-0.7892803470667532,0.07899673657147899,0.3313740997965089,0.13462843489013177,-0.22495139962369393,-0.1771770232076748,0.8842728037138496,0.22471804448050076,-0.4652856888799608,0.1821052310452591,0.5044320634426042,0.13796616490011715,0.6880089560369427,0.3313740997965089,-0.525033128437912,0.8842728037138496,-0.40115285096980047,12.619999885559082,-0.6826828151668813,-0.08328555501900936
2019-12-31,3230.780029296875,8972.599609375,13.779999732971191,5.856021881103516,7193.59912109375,0.02858981890573009,0.2887807022515845,0.03741278495367738,0.0,0.035442958374321654,0.3522564081544166,0.04552326527427208,0.0,0.09191757986776872,-0.45790717184843466,0.20214063898019055,-0.769911506538553,0.08563221555915423,0.7694296481309748,0.11655026445980057,-0.15858227080744935,-0.0496762414464359,0.9220344340849418,0.2237082473397363,-0.49184828610402453,0.3522564081544166,1.9926666086028875,0.2887807022515845,2.5008860658129275,0.7694296481309748,-0.029774478944257585,0.9220344340849418,-0.3854792351580182,13.779999732971191,-0.3671822109243459,0.7422233498778386
2020-01-31,3225.52001953125,9150.9404296875,18.84000015258789,5.884146213531494,9350.529296875,-0.0016280928190489652,0.1928256732533442,0.033310850937228076,-0.0016280928190489652,0.019876159427214546,0.25669690694108316,0.0396521153800992,0.0,0.36719887646367044,0.1369945986464156,0.20569048969736523,-0.6854232702522911,0.004802634450313592,0.6511540062059027,0.11719854880594523,-0.15454124903412447,0.29984019674608997,1.704190228155253,0.22689936477313394,-0.3394839762325924,0.25669690694108316,1.0977617182947814,0.1928256732533442,1.2687289170875327,0.6511540062059027,-0.17489432936593227,1.704190228155253,-0.14578552653208468,18.84000015258789,0.9498921060835421,0.5991405771135678
2020-02-29,2954.219970703125,8567.3701171875,40.11000061035156,6.725379467010498,8599.5087890625,-0.08411048363840312,0.060955500312092514,0.043488144756691764,-0.08560163678303367,-0.06377162183318119,0.13738283970287468,0.046015481477432424,-0.06377162183318119,1.1289809068734002,1.7138025260497307,0.37307588751770415,-0.33027214862045406,0.14296606898456377,0.7568229877409154,0.1201662610024858,-0.03366933491993396,-0.08031850219040493,1.2308657670517968,0.23315442915443194,-0.39253563393435253,0.13738283970287468,0.03226060156403149,0.060955500312092514,-0.3458116450241463,0.7568229877409154,-0.06294944067391864,1.2308657670517968,-0.28847721218614436,40.11000061035156,4.88276971685081,0.8435584041061265
2020-03-31,2584.590087890625,7700.10009765625,53.540000915527344,6.564262866973877,6438.64453125,-0.12511928240892822,-0.08813499261221347,0.05728652271984911,-0.20001050382463903,-0.10122943303118992,-0.0037803748877027754,0.05600567608466539,-0.15854548974271876,0.33482922215936783,2.905178757589832,0.37138178207261857,-0.10602769308457605,-0.02395650696394669,0.4731293741072009,0.11688526099572373,-0.05681924222739976,-0.25127763815543147,0.5683338511023246,0.25327380811107697,-0.5451778451029149,-0.0037803748877027754,-1.191809732645288,-0.08813499261221347,-2.0695864990334703,0.4731293741072009,-0.40002563906099076,0.5683338511023246,-0.4885084545097519,53.540000915527344,5.320067135920647,0.2340273621342293
2020-04-30,2912.429931640625,8889.5498046875,34.150001525878906,7.278463363647461,8658.5537109375,0.1268440381652789,-0.01133811034533061,0.06813828888370846,-0.09853660563994926,0.15447197983741723,0.09810023415259894,0.07065759423702393,-0.028564345600152308,-0.3621591157654439,1.602896480469266,0.39811372083641855,-0.42978791327585997,0.10880132486266958,0.6204131553304422,0.11803769448062328,0.0,0.34477896223547644,0.6182014927879245,0.25708966330517224,-0.3883647345357948,0.09810023415259894,-0.276015836367442,-0.01133811034533061,-1.1201723197386473,0.6204131553304422,-0.23661417320897787,0.6182014927879245,-0.4678114176914492,34.150001525878906,2.3818862048592484,0.056254491570546426
2020-05-31,3044.31005859375,9489.8701171875,27.510000228881836,8.840837478637695,9461.05859375,0.04528181966555822,0.10619317666684003,0.06571285137574993,-0.05771670278143548,0.06753101402091799,0.2732697237450268,0.06634943185647639,0.0,-0.1944363396869916,0.4703368025128478,0.3976820461313212,-0.5406578642637831,0.21465713804284103,1.6269481881142105,0.08195884232107237,0.0,0.09268347920493625,0.10339453480465899,0.1953139920375924,-0.3316762501281374,0.2732697237450268,1.2527511038427486,0.10619317666684003,0.26236405281329134,1.6269481881142105,0.9129242682814201,0.10339453480465899,-0.6221792648184961,27.510000228881836,1.426516041258341,0.646475240275461
2020-06-30,3100.2900390625,10058.76953125,30.43000030517578,9.464978218078613,9137.9931640625,0.01838839651392421,0.05388951810161613,0.06319586793792177,-0.04038962388373246,0.05994807168457905,0.2563661889712492,0.06545730401781169,0.0,0.10614322253724784,1.0179045397300848,0.3877207626656273,-0.4919018097295992,0.07059746782463105,1.3197234772938322,0.07176553397760846,0.0,-0.034146858566219795,-0.15523139558681698,0.1808525667677305,-0.3544974066914576,0.2563661889712492,1.0752367624252241,0.05388951810161613,-0.353918983266637,1.3197234772938322,0.5321151280116811,-0.15523139558681698,-0.6950159197656146,30.43000030517578,1.7419877493332403,0.4600809473475788
2020-07-31,3271.1201171875,10745.26953125,24.459999084472656,10.578118324279785,11323.466796875,0.055101321480443666,0.09755140143431529,0.0647538177338963,0.0,0.06824890438807873,0.314338545779018,0.06685538269471832,0.0,-0.19618801054325652,0.5173695912559193,0.3978159418320746,-0.5915845828393782,0.11760619840360698,1.5235445004361958,0.0710656573754027,0.0,0.23916341296986676,0.12273294987849637,0.19174926558815042,-0.2001168033948867,0.314338545779018,1.5284839395323624,0.09755140143431529,0.1587611478499826,1.5235445004361958,0.7456223244740595,0.12273294987849637,-0.5996831601692959,24.459999084472656,0.9360121036408287,0.5538392710655875
2020-08-31,3500.31005859375,11775.4599609375,26.40999984741211,13.328346252441406,11680.8203125,0.07006466690171775,0.19609019269561978,0.06629132461360489,0.0,0.09587385655533742,0.4787941215029845,0.0676461375147602,0.0,0.07972202926930305,0.39146472520411546,0.3968590605957823,-0.5590248769984645,0.2599921691033713,2.199447642631559,0.08167573253345024,0.0,0.03155866679660524,0.2128779735950841,0.19044596706478154,-0.1748735561170225,0.4787941215029845,2.6964576338785866,0.19609019269561978,1.2748011662003815,2.199447642631559,1.4809407473935559,0.2128779735950841,-0.5646154793341907,26.40999984741211,1.1996425943633988,1.2174453325003465
2020-09-30,3363.0,11167.509765625,26.3700008392334,13.48784351348877,10784.4912109375,-0.039227970178423055,0.12975940493049665,0.06825513828522005,-0.039227970178423055,-0.05162857309432001,0.39605392241840276,0.07178002945482852,-0.05162857309432001,-0.001514540265422637,0.6237685474682588,0.39156917424796267,-0.5596927515782999,0.01196677052249795,2.1157169345135713,0.08399797423212145,0.0,-0.07673511599209437,0.3002969178684225,0.18617561216861508,-0.23818972949652717,0.39605392241840276,1.9334314422645262,0.12975940493049665,0.4712751692193799,2.1157169345135713,1.3338957389820074,0.3002969178684225,-0.5415330345467605,26.3700008392334,1.1851609308613378,0.8764460493560982
2020-10-31,3269.9599609375,10911.58984375,38.02000045776367,12.494483947753906,13780.9951171875,-0.027665786221379718,0.07650874315595924,0.06914627556281006,-0.0658084837629479,-0.02291647173327338,0.3158605488838855,0.07336100018676908,-0.07336190009164811,0.44178988425352483,1.8759455136008598,0.39275703404004697,-0.3651694632620891,-0.07364850909942988,1.4993005576271647,0.09602762202984273,-0.07364850909942988,0.27785306210931693,0.49800183113729557,0.19807989337924192,-0.026518413090810156,0.3158605488838855,1.2627577550710494,0.07650874315595924,-0.1730028613340312,1.4993005576271647,0.6072276752671378,0.49800183113729557,-0.48173030993918353,38.02000045776367,2.49996559044272,0.7430435699015385
2020-11-30,3621.6298828125,12198.740234375,20.56999969482422,13.359249114990234,19625.8359375,0.10754563544385909,0.15302545872069495,0.07466170406523792,0.0,0.11796176442264827,0.4077413711321234,0.07799500627913906,0.0,-0.45896897824408545,0.6299524470172324,0.4276646606962657,-0.6565369860668324,0.06921175543162672,1.4766354206621428,0.09610807988781375,-0.009534096267496905,0.4241232777902142,1.592707469365465,0.21066183930891802,0.0,0.4077413711321234,1.8750994752648376,0.15302545872069495,0.7163063161527303,1.4766354206621428,0.5629736732928042,1.592707469365465,-0.13734168700903102,20.56999969482422,0.3538635633653245,0.6741802682133331
2020-12-31,3756.070068359375,12888.2802734375,22.75,13.017685890197754,29001.720703125,0.03712145909357001,0.16258923055706176,0.07484840506411082,0.0,0.056525512127837185,0.4364042567965709,0.07832494428145596,0.0,0.10597959832368442,0.650943428218393,0.42762555980842587,-0.6201369138111533,-0.025567546637723648,1.2229571805740393,0.10100284152163443,-0.03485787945425267,0.477731740726012,3.0316009017076606,0.23035390286306112,0.0,0.4364042567965709,1.9820745465939404,0.16258923055706176,0.8029667720008712,1.2229571805740393,0.2620867217278837,3.0316009017076606,0.3148305275164438,22.75,0.6093964351022053,0.7942710005882688
2021-01-31,3714.239990234375,13070.6904296875,33.09000015258789,12.952620506286621,33114.359375,-0.011136660755445171,0.15151664467863024,0.07509287092792426,-0.011136660755445171,0.01415318043835101,0.4283439532928812,0.07843217639971424,0.0,0.45450550121265443,0.7563694206256468,0.43305897366603313,-0.4474870514307058,-0.004998229674609611,1.2012744136949025,0.10164308613583714,-0.039681881441380074,0.14180671257315614,2.54144223536811,0.22518356638081413,0.0,0.4283439532928812,1.8395613397315442,0.15151664467863024,0.6431331021909402,1.2012744136949025,0.22522691335814665,2.54144223536811,0.1460073815421871,33.09000015258789,1.7938112613270751,0.9295479996299786
2021-02-28,3811.14990234375,13192.349609375,27.950000762939453,13.675301551818848,45137.76953125,0.026091451377448394,0.2900697781948409,0.06838619845197166,0.0,0.009307785257554269,0.5398365459791516,0.07288180029139354,0.0,-0.15533391858405443,-0.30316628427758896,0.2989329373017002,-0.5333110528004044,0.055794195868046126,1.0333873529217619,0.09921986534064692,0.0,0.36308750593940786,4.24887765550744,0.22350191974042424,0.0,0.5398365459791516,2.4936179745698435,0.2900697781948409,2.267295870391194,1.0333873529217619,0.021348296054978583,4.24887765550744,0.6802582502854329,27.950000762939453,1.1568165722307828,1.3238673927064464
2021-03-31,3972.889892578125,13246.8701171875,19.399999618530273,13.314690589904785,58918.83203125,0.042438632533165155,0.5371450626511303,0.04985318154006771,0.0,0.00413273673203407,0.7203503784606087,0.05958287614261828,0.0,-0.3059034315214091,-0.6376541037207191,0.2933675190550647,-0.6760728032018744,-0.02636950714012598,1.0283603596823743,0.09941886752962574,-0.02636950714012598,0.30531110958991947,8.150812992592943,0.1822515701368988,0.0,0.7203503784606087,3.3436949903395825,0.5371450626511303,4.335556516773857,1.0283603596823743,0.009843191258490546,8.150812992592943,1.851609625588343,19.399999618530273,0.14313272995031529,1.9367674107821178
2021-04-30,4181.169921875,13962.6796875,18.610000610351562,14.971765518188477,57750.17578125,0.05242532134755851,0.43562936105373384,0.0417003795952859,0.0,0.05403612808007785,0.5706846796828131,0.04942472555784867,0.0,-0.04072159916045193,-0.45505125098606847,0.27545900680170504,-0.6892636366670565,0.12445463280536817,1.0569953807785146,0.10014816609230591,0.0,-0.019835020649767054,5.6697254194196285,0.18902543941452993,-0.019835020649767054,0.5706846796828131,2.2650552520764116,0.43562936105373384,3.0002396339389947,1.0569953807785146,0.034649710838880236,5.6697254194196285,1.0366547835058608,18.610000610351562,0.04458837030004123,1.2762375501320375
2021-05-31,4204.10986328125,13748.740234375,16.760000228881836,16.20366096496582,37332.85546875,0.00548648867060697,0.380972956881811,0.042074074963925304,0.0,-0.01532223455047299,0.4487806539600665,0.050907327263131776,-0.01532223455047299,-0.09940893717331145,-0.390766990569267,0.2711240120194322,-0.7201536082870843,0.08228124099864997,0.8328196852525649,0.08896857952144406,0.0,-0.3535455959448175,2.9459490815765776,0.2446046810873433,-0.3663680323983849,0.4487806539600665,1.461634440642833,0.380972956881811,2.3300002218194726,0.8328196852525649,-0.21827275748902172,2.9459490815765776,0.17650515487982021,16.760000228881836,-0.17839725844113516,0.7142939602823939
2021-06-30,4297.5,14503.9501953125,15.829999923706055,19.956783294677734,35040.8359375,0.022214009565834747,0.3861606320225206,0.0420086324512262,0.0,0.054929393389024916,0.44192091788687193,0.05068168576870168,0.0,-0.05548927759399125,-0.4797896889598926,0.26906287196554046,-0.7356820824005191,0.2316218747002048,1.108486975338117,0.10261371270196808,0.0,-0.06139416614323989,2.834631445699376,0.2465681197163048,-0.40526933869098647,0.44192091788687193,1.374775077461126,0.3861606320225206,2.238910257253318,1.108486975338117,0.10522745306523408,2.834631445699376,0.13507908095180862,15.829999923706055,-0.28842027299492456,0.7131143191473124
2021-07-31,4395.259765625,14672.6796875,18.239999771118164,19.454437255859375,41626.1953125,0.02274805482838871,0.34365587571392275,0.041166946396250056,0.0,0.011633347461578625,0.365501316167834,0.04963590961937408,0.0,0.1522425684792985,-0.25429270425864337,0.2670307520264368,-0.6954416437300746,-0.025171693824642016,0.8391207830608132,0.10466296506240631,-0.025171693824642016,0.18793385485283132,2.6760999134989127,0.2452438476357318,-0.2934993129120099,0.365501316167834,0.8727053927949414,0.34365587571392275,1.7771973153597453,0.8391207830608132,-0.1873533310748793,2.6760999134989127,0.07781530955246553,18.239999771118164,-0.016976728311238632,0.5046775916642069
2021-08-31,4522.68017578125,15259.240234375,16.479999542236328,22.33777618408203,47166.6875,0.028990416255438634,0.29207987294652327,0.03877896198237076,0.0,0.03997637509763852,0.29585088692876327,0.04503434999967358,0.0,-0.09649124182932722,-0.37599395541642955,0.2676769087219226,-0.7248288577360584,0.14820983461519766,0.6759600749410553,0.0886706122117716,0.0,0.1331010952575873,3.037960197840343,0.2428459965587949,-0.19946329766036053,0.29585088692876327,0.41898237812256006,0.29207987294652327,1.2828718656818594,0.6759600749410553,-0.35862286022346274,3.037960197840343,0.1832790719502733,16.479999542236328,-0.23206008728725405,0.25889007364879524
2021-09-30,4307.5400390625,14448.580078125,23.139999389648438,20.672298431396484,43790.89453125,-0.047569168801901096,0.2808623369201606,0.04003556093579714,-0.047569168801901096,-0.05312585317477336,0.2938050094748561,0.04526061196431112,-0.05312585317477336,0.40412621555864137,-0.12248772646147776,0.2926017966739021,-0.6136249853819831,-0.07455879846590874,0.5326614970527177,0.09509189697637097,-0.07455879846590874,-0.07157155076344934,3.0605433927970385,0.24241200074658176,-0.25675895088986633,0.2938050094748561,0.391437800105893,0.2808623369201606,1.1514992465802207,0.5326614970527177,-0.5047521313262227,3.0605433927970385,0.18270324879789643,23.139999389648438,0.5396464404094159,0.3521069209134407
2021-10-31,4605.3798828125,15498.3896484375,16.260000228881836,25.5130615234375,61318.95703125,0.0691438364006065,0.4083902976879674,0.038954319190864554,0.0,0.07265832106934167,0.4203603572319714,0.04492940663477444,0.0,-0.29732062844583884,-0.572330351575218,0.2750427618316484,-0.7285022475439821,0.23416666066938197,1.0419460003407264,0.10281997292524737,0.0,0.4002672858735883,3.4495304228628374,0.25069793588829264,0.0,0.4203603572319714,1.147156346277749,0.4083902976879674,2.1146449644013043,1.0419460003407264,0.10652470247635341,3.4495304228628374,0.2932841060590355,16.260000228881836,-0.27618719748898046,0.6770845843450923
2021-11-30,4567.0,15537.6904296875,27.190000534057617,32.607078552246094,57005.42578125,-0.008333706184746159,0.26103443691858996,0.03153937629544822,-0.008333706184746159,0.0025357977274731436,0.27371270566969086,0.035984857341691594,0.0,0.6722017313235555,0.32182795028913436,0.30759454219430576,-0.5460009882925927,0.27805432218676285,1.4407867741352414,0.1197403876685219,0.0,-0.07034580264960633,1.9046113481631157,0.24399056160094149,-0.07034580264960633,0.27371270566969086,0.2033121847282923,0.26103443691858996,0.8712202891813652,1.4407867741352414,0.594060165283709,1.9046113481631157,-0.19675411573859605,27.190000534057617,0.9895569210143804,0.49227908889383015
2021-12-31,4766.18017578125,15644.9697265625,17.219999313354492,29.35254669189453,46306.4453125,0.04361291346206486,0.2689273866137125,0.03191377523506577,0.0,0.006904455804449761,0.21389117823628379,0.03433897494923413,0.0,-0.36667896376886466,-0.24307695325914325,0.33077464090027336,-0.7124728754575536,-0.09981059343101983,1.2548206293713724,0.12753343603118356,-0.09981059343101983,-0.18768354629620299,0.5966792379843302,0.23037870771604266,-0.2448265992374784,0.21389117823628379,-0.194325289848624,0.2689273866137125,0.9077644972804556,1.2548206293713724,0.4001975763370202,0.5966792379843302,-0.603517709235524,17.219999313354492,-0.195359210409807,0.06295197282470419
2022-01-31,4515.5498046875,14239.8798828125,24.829999923706055,24.437339782714844,38483.125,-0.052585165027393854,0.21573991356507927,0.0374184550713622,-0.052585165027393854,-0.08981096597230198,0.08945123896970397,0.04615468048713713,-0.08981096597230198,0.4419280437746498,-0.24962224813516176,0.3292967005193861,-0.58540657577636,-0.16745418926586642,0.8866714863493494,0.14451754680942866,-0.2505510806937499,-0.16894668246945244,0.16212802319990516,0.238162634115649,-0.37241063998548063,0.08945123896970397,-0.9731182235904984,0.21573991356507927,0.4658306781868783,0.8866714863493494,-0.01143141666232483,0.16212802319990516,-0.7293287703255839,24.829999923706055,0.6819459392749807,-0.11322035862330963
2022-02-28,4373.93994140625,13751.400390625,30.149999618530273,24.33653450012207,43193.234375,-0.031360491945908286,0.14766935268444836,0.03975941287958539,-0.08229656032898625,-0.034303624483314143,0.04237689250235732,0.047745228420739416,-0.12103374880441864,0.21425693560897008,0.07871194259529068,0.32857821672770854,-0.4965770591785732,-0.004125051396309365,0.7795976496682995,0.14583468229444818,-0.25364259600479655,0.1223941500332939,-0.04308000099348619,0.21754074605238266,-0.2955973736965647,0.04237689250235732,-1.2324877472190976,0.14766935268444836,-0.08047725551029603,0.7795976496682995,-0.11982611500290913,-0.04308000099348619,-0.7807042137418732,30.149999618530273,1.2671936172247897,-0.18926034284987728
2022-03-31,4530.41015625,14220.51953125,20.559999465942383,27.23641014099121,45538.67578125,0.03577328837154625,0.1403311641516658,0.03934398870533285,-0.049467290542075215,0.03411428125857063,0.07350033671721534,0.04850156472809809,-0.0910484468943411,-0.3180762943258497,0.059793807743383276,0.32979977193733157,-0.6567039626736741,0.11915729582840129,1.0455909175720457,0.1441823169693098,-0.16470866602322254,0.05430112933630005,-0.22709472996517122,0.1986477382465505,-0.25734751558083235,0.07350033671721534,-1.0128416610786966,0.1403311641516658,-0.13966308229952734,1.0455909175720457,0.2571107449520908,-0.22709472996517122,-0.8243086610752611,20.559999465942383,0.1245162520546587,-0.31903728148934707
2022-04-30,4131.93017578125,12334.6396484375,33.400001525878906,18.513294219970703,37714.875,-0.08795671180434306,-0.011776547476852861,0.04637936839282938,-0.13307302212846717,-0.1326168062051618,-0.11659939750103931,0.06049839286825258,-0.2115906988624351,0.6245137350906051,0.7947340371015681,0.36683318914913826,-0.44231087216120657,-0.32027406974210915,0.23654716589568503,0.1814202651350188,-0.4322308209762803,-0.17180562778839858,-0.3469305592616906,0.20457819060544874,-0.3849393918950814,-0.11659939750103931,-2.0786041147876513,-0.011776547476852861,-1.3418022471111715,0.23654716589568503,-0.7995167872810476,-0.3469305592616906,-0.8441541336509021,33.400001525878906,1.5778457388810072,-0.6972463087899531
2022-05-31,4132.14990234375,12081.3896484375,26.190000534057617,18.6380672454834,31792.310546875,5.317770464463578e-05,-0.01711657479886508,0.046347593280550804,-0.13302692094168944,-0.020531609128287776,-0.12127297174243945,0.0605701659429037,-0.22777801046649815,-0.2158682833063601,0.5626491752026017,0.3742364878255845,-0.5626982668063882,0.006739644713154247,0.15023804100697036,0.18088384532977833,-0.42840425843058116,-0.15703524015723236,-0.14840935289594426,0.1816481108266949,-0.4815255822000907,-0.12127297174243945,-1.9971751336642394,-0.01711657479886508,-1.3411159497744456,0.15023804100697036,-0.8900684657605167,-0.14840935289594426,-0.7620578420811943,26.190000534057617,0.7099586865666255,-0.8560917409427542
2022-06-30,3785.3798828125,11028.740234375,28.709999084472656,15.134650230407715,19784.7265625,-0.08391999993382682,-0.11916698480221055,0.05147486786633277,-0.20578330167889258,-0.08712982899269706,-0.2396043777136414,0.06082789424264548,-0.29506158035895247,0.09621987396059883,0.8136449287961329,0.3711811376290048,-0.5206211491557474,-0.18797104704752443,-0.2416287731879131,0.1783148988938785,-0.5358477084612909,-0.37768830820493093,-0.4353808625516613,0.2119143373449438,-0.6773473079064749,-0.2396043777136414,-2.4909704413210285,-0.11916698480221055,-2.0379199207606686,-0.2416287731879131,-1.3955206988877193,-0.4353808625516613,-0.8291523569846597,28.709999084472656,0.9730445362245298,-1.1561037763459094
2022-07-31,4130.2900390625,12390.6904296875,21.329999923706055,18.133825302124023,23336.896484375,0.09111639173021002,-0.06028533936374103,0.05862895546554753,-0.13341714187599252,0.12349100317618289,-0.1555264141530044,0.073501666835806,-0.20800802774004645,-0.25705327050177285,0.16940790522819538,0.38540450261078346,-0.6438470505746441,0.19816613043957432,-0.06788230039075549,0.1877379523577766,-0.44386844491240385,0.17954101668545608,-0.43936993738730856,0.21115805768799456,-0.619417915531704,-0.1555264141530044,-1.9297299608629237,-0.06028533936374103,-1.5306550557740384,-0.06788230039075549,-1.1183169297645914,-0.43936993738730856,-0.8064164275248331,21.329999923706055,0.08423025398969616,-1.0601776239873382
2022-08-31,3955.0,11816.2001953125,25.8700008392334,15.069756507873535,20049.763671875,-0.04244012827299837,-0.12551853186991901,0.05864693056159882,-0.17019502953395693,-0.046364666895280404,-0.22563640038291344,0.07222078930849439,-0.24472847171761536,0.21284580083292037,0.5697816479261171,0.383219662903777,-0.5680413908351977,-0.16896979777849697,-0.3253689900155643,0.18896610540186085,-0.5378378813137961,-0.14085561097213029,-0.5749168590252389,0.20712989813718857,-0.6730250375645328,-0.22563640038291344,-2.1679184277499393,-0.12551853186991901,-1.9222350526941847,-0.3253689900155643,-1.4357133287990484,-0.5749168590252389,-0.8197568703453034,25.8700008392334,0.6002382170106197,-1.149077092515571
2022-09-30,3585.6201171875,10575.6201171875,31.6200008392334,12.123101234436035,19431.7890625,-0.09339567201327437,-0.16759447743453126,0.06270040320683447,-0.24769522239058828,-0.10498976469754973,-0.26805125071086544,0.07592628075863027,-0.3240242517547417,0.22226516480354275,0.3664650679886554,0.37361460381443695,-0.4720320393808738,-0.19553436526316492,-0.4135581355567206,0.19551265627117695,-0.6282064578397824,-0.030822039575552185,-0.5562595998436819,0.20706236037166473,-0.6831030727969334,-0.26805125071086544,-2.238835808792991,-0.16759447743453126,-2.102958456457137,-0.4135581355567206,-1.5058933909600902,-0.5562595998436819,-0.7861081932453357,31.6200008392334,1.250614738871039,-1.076636222116903
2022-10-31,3871.97998046875,10988.150390625,25.8799991607666,13.479323387145996,20495.7734375,0.0798634138370089,-0.15924851391322437,0.06404461706624377,-0.18761359460480886,0.03900766752836127,-0.2910134123687623,0.07262145333510293,-0.2976560145099554,-0.18153072505123813,0.5916358423413326,0.36419783405872547,-0.5678744460758873,0.11187089231405345,-0.47166970240857786,0.1835599996525064,-0.5866135825217162,0.05475483351418764,-0.6657514343067719,0.15749835938209714,-0.6657514343067719,-0.2910134123687623,-2.208803868313225,-0.15924851391322437,-1.9405277995432877,-0.47166970240857786,-1.5431544006782707,-0.6657514343067719,-0.7960219396188776,25.8799991607666,0.5340544869487521,-1.1908907042409818
2022-11-30,4080.110107421875,11468.0,20.579999923706055,16.90515899658203,17168.56640625,0.053752893352493114,-0.10661044286799326,0.06685484960765403,-0.14394547479458597,0.04366973442449451,-0.2619237684071526,0.07501236363813639,-0.2669848391889641,-0.20479132182875825,-0.24310410005590166,0.32367139824661356,-0.6563700094599907,0.25415486453147507,-0.4815494135883712,0.17993850044095594,-0.4815494135883712,-0.16233625149087516,-0.6988257491114641,0.15950288928320905,-0.7200120935276121,-0.2619237684071526,-1.9657227020807628,-0.10661044286799326,-1.5220464777373883,-0.4815494135883712,-1.49668420715483,-0.6988257491114641,-0.8212374380129587,20.579999923706055,-0.13403589363548568,-1.187945343724285
2022-12-31,3839.5,10466.48046875,21.670000076293945,14.598593711853027,16547.49609375,-0.05897147407473047,-0.1944282720342927,0.06631061964909696,-0.1944282720342927,-0.0873316647410185,-0.3310002734629972,0.07658417943291684,-0.3310002734629972,0.05296405037068652,0.25842049595718497,0.2995944864688722,-0.6381699733321511,-0.13644150198145766,-0.502646435926314,0.18139027935247262,-0.5522875903015414,-0.03617484988577191,-0.6426524216644383,0.15635798583060162,-0.7301406140140823,-0.3310002734629972,-2.145611664105429,-0.1944282720342927,-1.9938420358248405,-0.502646435926314,-1.4686749104881873,-0.6426524216644383,-0.8622071963275684,21.670000076293945,-0.02134612812550454,-1.2983363869743059
2023-01-31,4076.60009765625,11584.5498046875,19.399999618530273,19.51640510559082,23139.283203125,0.0617528578346791,-0.09720847427606383,0.06872138219969214,-0.14468191564158972,0.10682381143076158,-0.18647138177970002,0.08340996371175502,-0.2595351728281773,-0.10475313566089717,-0.21868708505277012,0.27646298391023405,-0.6760728032018744,0.3368688444110117,-0.20136949115078095,0.20613653359219877,-0.4014672282179521,0.398355562196792,-0.3987161073035259,0.20252262716049216,-0.6226406265955808,-0.18647138177970002,-1.4598039098277786,-0.09720847427606383,-1.3208382334765594,-0.20136949115078095,-1.0187695154872907,-0.3987161073035259,-0.7691594391198842,19.399999618530273,-0.3216818856154466,-0.9780505967053917
2023-02-28,3970.14990234375,11455.5400390625,20.700000762939453,23.191526412963867,23147.353515625,-0.02611249393181858,-0.09231723445491091,0.0685639976263358,-0.16701640392917338,-0.011136364191968728,-0.1669546581690473,0.08316116880288649,-0.2677812588149059,0.06701036958616524,-0.3134328018293846,0.26984629739895283,-0.6543663220254214,0.18830933706742137,-0.047048937355992915,0.21305887428470396,-0.28875791875054835,0.00034877106732977836,-0.46409770301844866,0.1976014184842471,-0.6225090145641516,-0.1669546581690473,-1.3278946459024599,-0.09231723445491091,-1.2478187083618164,-0.047048937355992915,-0.7784984442052276,-0.46409770301844866,-0.8032134701847308,20.700000762939453,-0.15873652357926085,-0.8632323584466992
2023-03-31,4109.31005859375,12221.91015625,18.700000762939453,27.75243377685547,28478.484375,0.03505161257710898,-0.09294966308410613,0.06852445193071328,-0.13781898563661177,0.06689951888555568,-0.140544047677583,0.08532138099130922,-0.21879617731063594,-0.09661835392686213,-0.09046686533645176,0.25321455325209424,-0.6877608790530123,0.19666266388322295,0.0189460958031189,0.21755878469124784,-0.14888315638618355,0.23031275933019146,-0.3746308190470995,0.21072318089445588,-0.5355680240861485,-0.140544047677583,-1.1789132583017135,-0.09294966308410613,-1.214091469266082,0.0189460958031189,-0.6629560067933479,-0.3746308190470995,-0.7368408243509987,18.700000762939453,-0.4093234266971962,-0.8404249970818677
2023-04-30,4169.47998046875,12226.580078125,15.779999732971191,27.724456787109375,29268.806640625,0.014642341662481018,0.009087715205739144,0.06358245933150894,-0.12519463664939856,0.00038209427293267595,-0.008760658875526128,0.07595389369186126,-0.21849768380399326,-0.15614978132809798,-0.5275449397586234,0.16972519793554755,-0.736516949510962,-0.0010080913973543604,0.49754314157673707,0.18937498144995873,-0.14974115995437398,0.027751556410733347,-0.22394528311110673,0.2052667852254797,-0.5226793139076269,-0.008760658875526128,-0.6151716803055657,0.009087715205739144,-0.570219994483722,0.49754314157673707,0.01791072312514829,-0.22394528311110673,-0.6372506550259239,15.779999732971191,-0.7787950525283713,-0.5167053318436869
2023-05-31,4179.830078125,12935.2900390625,17.940000534057617,37.800537109375,27219.658203125,0.002482347368192972,0.011538830126710975,0.06357742464868137,-0.12302306585800404,0.0579646930220068,0.07067898772186654,0.07721614623117588,-0.1731981419497044,0.13688218235981697,-0.3150057209533713,0.16838420256074313,-0.7004508145452006,0.36343652824788797,1.0281361050746978,0.2089129243305311,0.0,-0.070011342199917,-0.14382887764662533,0.20074639301042024,-0.5560971758007391,0.07067898772186654,-0.2759653003519651,0.011538830126710975,-0.5424432849519871,1.0281361050746978,0.7518098409292493,-0.14382887764662533,-0.5685958786266031,17.940000534057617,-0.5123214957354602,-0.22950322374735324
2023-06-30,4450.3798828125,13787.919921875,13.59000015258789,42.268959045410156,30477.251953125,0.06472746490423464,0.17567589530959093,0.059490862124379686,-0.06625857213150477,0.06591501854521198,0.2501808573657427,0.07249037453109675,-0.11869948214310344,-0.24247493043334134,-0.5266457476155816,0.1757722448884423,-0.7730839824497172,0.11821054084776295,1.792859986977807,0.19115753987920753,0.0,0.11967798146804087,0.5404434252273989,0.16188781066453556,-0.5029717818326089,0.2501808573657427,0.4677894409668746,0.17567589530959093,0.4622709280201084,1.792859986977807,1.7451885723258391,0.5404434252273989,-0.15745384565672393,13.59000015258789,-1.0549258060469882,0.292573857921822
2023-07-31,4588.9599609375,14346.01953125,13.630000114440918,46.692501068115234,29230.111328125,0.031138932355010862,0.11105029369296049,0.05487379000359595,-0.03718286097203638,0.04047743332839904,0.15780630729645417,0.0654608445752709,-0.08302669918926742,0.0029433378516490194,-0.36099389764682543,0.16294105328706454,-0.772416091946116,0.10465225836181125,1.5748842447845859,0.18892854727541483,0.0,-0.04092037651288716,0.2525277878185621,0.15800957650670638,-0.523310363657548,0.15780630729645417,0.0877576285646848,0.11105029369296049,0.0678724579180205,1.5748842447845859,1.4006085219020323,0.2525277878185621,-0.3127769296747649,13.630000114440918,-1.053544352109578,0.03798346532007897
2023-08-31,4507.66015625,14034.9697265625,13.569999694824219,49.31645202636719,25931.47265625,-0.017716390070854016,0.1397370812262959,0.053154564294855496,-0.05424050497395949,-0.02168195881860735,0.18777352233167033,0.06374753890052279,-0.10290847653520818,-0.00440208504130013,-0.4754542228601514,0.14531450955471223,-0.7734179356634007,0.056196410520484186,2.272544715676109,0.17030074633294467,0.0,-0.11285070504336647,0.29335552680980603,0.15545619483992387,-0.5771051252056597,0.18777352233167033,0.2178069171659658,0.1397370812262959,0.24817570874313122,2.272544715676109,2.199343864979962,0.29335552680980603,-0.2866448327454655,13.569999694824219,-1.0644485997858082,0.2628466116715571
2023-09-30,4288.0498046875,13219.3203125,17.520000457763672,43.468597412109375,26967.916015625,-0.048719367465624885,0.1959018703997495,0.04618913920752532,-0.10031730934623706,-0.058115509328018455,0.24998063149185534,0.0566821044151439,-0.1550434073352126,0.29108333469204406,-0.4459203038342351,0.15755130085700358,-0.707463672794896,-0.11857816963659995,2.5856004640657053,0.1585263208753822,-0.11857816963659995,0.039968549920561314,0.38782465828987545,0.1542141282691326,-0.5602026302912926,0.24998063149185534,0.4758474282905737,0.1959018703997495,0.5889789988214765,2.5856004640657053,2.4240130433948623,0.38782465828987545,-0.2296882368794944,17.520000457763672,-0.5805184180616209,0.5357265631131594
2023-10-31,4193.7998046875,12851.240234375,18.139999389648438,40.75149917602539,34667.78125,-0.02197968873798295,0.08311505375598305,0.04260341204330797,-0.12009205484975782,-0.027844100106792058,0.1695544543456169,0.057941062876123293,-0.1785704632872649,0.03538806596377819,-0.29907264382186693,0.15175512207275157,-0.6971113779509603,-0.06250715223967773,2.02325999648368,0.16737090211138636,-0.17367333817450048,0.28551947543569023,0.6914600151936814,0.17013989421342518,-0.43463191599406614,0.1695544543456169,0.13534564001412358,0.08311505375598305,-0.1075951976639204,2.02325999648368,1.6671512021093589,0.6914600151936814,-0.058359859015312245,18.139999389648438,-0.4933474666127439,0.22863886376630113
2023-11-30,4567.7998046875,14226.2197265625,12.920000076293945,46.73732376098633,37712.74609375,0.08917926878197013,0.11952856281464053,0.04709068186219069,-0.04162250770581333,0.10699196864359051,0.24051445121751835,0.0634444897907174,-0.09068410005237681,-0.28776182408987716,-0.37220601923271013,0.16251905835475794,-0.7842711603278614,0.14688599698149196,1.7646781536000882,0.16164099818719252,-0.05229752261987386,0.08783270039094293,1.1966159084791816,0.15557285657974748,-0.3849741104609714,0.24051445121751835,0.4183419409128638,0.11952856281464053,0.1086304563644112,1.7646781536000882,1.311968543761481,1.1966159084791816,0.2225751864300749,12.920000076293945,-1.1404461919642277,0.1842139871009206
2023-12-31,4769.830078125,15011.349609375,12.449999809265137,49.49174499511719,42265.1875,0.04422923115636013,0.24230500797629895,0.04245395546829867,0.0,0.055188932682274316,0.4342308910998989,0.05420356750864909,-0.04049992606324582,-0.03637772943137829,-0.4254730149777477,0.16063371627910458,-0.7921188856879997,0.05893408121134436,2.3901720927361234,0.14467672473459423,0.0,0.12071360157473277,1.5541741941225529,0.15169685532515223,-0.31073212027301156,0.4342308910998989,1.1825439074686483,0.24230500797629895,0.8357945065350189,2.3901720927361234,1.9517817861681674,1.5541741941225529,0.41408967496061017,12.449999809265137,-1.1609515222200693,0.6446516705824752
2024-01-31,4845.64990234375,15164.009765625,14.350000381469727,61.48941421508789,42582.60546875,0.015895707598991615,0.18864980284174737,0.04026895834946555,0.0,0.010169648980439483,0.30898567672341737,0.04897436170241136,-0.030742147114603324,0.1526104900652796,-0.26030924414230117,0.16721928063845018,-0.7603940469575289,0.2424175834001081,2.1506526884642887,0.13370179454856482,0.0,0.007510151676246579,0.8402733176712729,0.11776673967624089,-0.30555561395069697,0.30898567672341737,0.6432370175977803,0.18864980284174737,0.4832507512462362,2.1506526884642887,1.6124427474227117,0.8402733176712729,-0.026130562403570846,14.350000381469727,-0.9142075302590897,0.3597184847208134
2024-02-29,5096.27001953125,16091.919921875,13.399999618530273,79.06367492675781,61198.3828125,0.05172064062372317,0.2836467500944242,0.03925933141010725,0.0,0.06119160898679055,0.40472818103754205,0.04873834789928159,0.0,-0.06620214199897845,-0.3526570471185123,0.1659511891536948,-0.7762564742846472,0.28580953219355365,2.4091621878998826,0.14175879746736714,0.0,0.43716858418659976,1.6438608962873302,0.1587204335861114,-0.0019663449051906534,0.40472818103754205,1.0064875172178154,0.2836467500944242,1.0391132406802266,2.4091621878998826,1.8261704128843705,1.6438608962873302,0.4354921509146222,13.399999618530273,-1.0274145192306188,0.6559697604932833
2024-03-31,5254.35009765625,16379.4599609375,13.010000228881836,90.30503845214844,71333.6484375,0.031018779915342964,0.27864532554994037,0.039151958462847705,0.0,0.01786859743638325,0.3401718513338463,0.04738128189541268,0.0,-0.029104432891858045,-0.3042780910113292,0.16435000322642274,-0.7827684027138173,0.14218114116001157,2.2539502365179804,0.13979683161488196,0.0,0.16561329171152273,1.5048260117424173,0.15473225729839102,0.0,0.3401718513338463,0.721982013342944,0.27864532554994037,0.9795386119214812,2.2539502365179804,1.5875434320189408,1.5048260117424173,0.33393172610862765,13.010000228881836,-1.0730072840110194,0.5099976998761948
2024-04-30,5035.68994140625,15657.8203125,15.649999618530273,86.353271484375,60636.85546875,-0.04161507173789869,0.20775011871866988,0.04319241486546434,-0.04161507173789869,-0.04405759714657864,0.28063777544089796,0.05112924786344189,-0.04405759714657864,0.2029207796466992,-0.008238283690797044,0.16931743704371274,-0.7386875976286074,-0.04376020469630204,2.1146966069512096,0.14341937456053935,-0.04376020469630204,-0.14995437921729393,1.071722848603819,0.16897504039057715,-0.14995437921729393,0.28063777544089796,0.4686030990111304,0.20775011871866988,0.5347807433276411,2.1146966069512096,1.3821276788335768,1.071722848603819,0.05679473699242045,15.649999618530273,-0.7528351626026303,0.3378942191124277
2024-05-31,5277.509765625,16735.01953125,12.920000076293945,109.5711669921875,67491.4140625,0.0480211901511991,0.2626134715965296,0.0438258755301676,0.0,0.06879624349054803,0.2937490756459984,0.05191140018260917,0.0,-0.17444086957062233,-0.27982164483404637,0.17242576932989837,-0.7842711603278614,0.2688710584869227,1.8986669336244035,0.13007456233696169,0.0,0.11304277803921714,1.47950997616684,0.1629282323118001,-0.053862860783945865,0.2937490756459984,0.5030730177043896,0.2626134715965296,0.8423314562768641,1.8986669336244035,1.1085771553634174,1.47950997616684,0.2922153232428067,12.920000076293945,-1.0731626062154511,0.3346068692744054
2024-06-30,5460.47998046875,17732.599609375,12.4399995803833,123.48046112060547,62678.29296875,0.03466980128308328,0.2269694103097326,0.041883723873044953,0.0,0.059610332468520655,0.28609679413945766,0.051466562670919376,0.0,-0.0371517409501696,-0.08462108604065022,0.15708778837156115,-0.7922858622948414,0.12694301347917292,1.9213035738104791,0.13021040898885752,0.0,-0.07131456883230869,1.0565598586496985,0.16892463982415123,-0.12133622292337276,0.28609679413945766,0.45671305712948185,0.2269694103097326,0.6091006502908451,1.9213035738104791,1.0984131602064697,1.0565598586496985,0.03030972752822975,12.4399995803833,-1.121291423326445,0.21464903436571628
2024-07-31,5522.2998046875,17599.400390625,16.360000610351562,116.9636001586914,64619.25,0.011321316887868749,0.2033880991978243,0.041708333850974666,0.0,-0.0075115449332978645,0.22677934128614186,0.05179613716160512,-0.0075115449332978645,0.3151126336169441,0.20029350498817844,0.18091513385918045,-0.7268325133230963,-0.05277645469390446,1.5049761199997485,0.13749943528344394,-0.05277645469390446,0.030966973402063003,1.2107083094761881,0.1657416710671987,-0.09412666510928458,0.22677934128614186,0.20367525879717463,0.2033880991978243,0.45115829188175416,1.5049761199997485,0.6058064284449145,1.2107083094761881,0.11530160467001496,16.360000610351562,-0.6379036976270775,0.14760757723335613
2024-08-31,5648.39990234375,17713.619140625,15.0,119.3124771118164,58969.8984375,0.022834706936630367,0.25306693640426325,0.04031818450632432,0.0,0.00648992280787275,0.26210597427227156,0.050435642743673945,-0.0010703714722101187,-0.08312961855826828,0.10537953849189852,0.18368783268157762,-0.7495408222930682,0.020082119137390997,1.4193240229046817,0.13863861577091505,-0.033754198607325536,-0.08742521094720224,1.2740666995357506,0.16320198321482116,-0.17332283250355096,0.26210597427227156,0.3306004974160859,0.25306693640426325,0.7279284835046755,1.4193240229046817,0.48313353417652466,1.2740666995357506,0.14499055501805022,15.0,-0.7940438637665036,0.1785218412697665
2024-09-30,5762.47998046875,18189.169921875,16.729999542236328,121.39186096191406,63329.5,0.020196884090601275,0.3438463271040999,0.03411523004273646,0.0,0.026846618834620584,0.3759534901862982,0.04390100886737947,0.0,0.11533330281575527,-0.045091375278889845,0.16663505705391396,-0.7206545381076095,0.017428050279677976,1.792633491507527,0.12545638909437076,-0.016914418198126335,0.07392927032290175,1.348327544601792,0.16270743702153603,-0.11220719271793522,0.3759534901862982,0.7723135401466225,0.3438463271040999,1.2346381822721677,1.792633491507527,0.8882843812053475,1.348327544601792,0.17957663121827686,16.729999542236328,-0.5826836400274832,0.49842581896298616
2024-10-31,5705.4501953125,18095.150390625,23.15999984741211,132.70736694335938,70215.1875,-0.009896743303151712,0.36044886762009853,0.032738359121127956,-0.009896743303151712,-0.005168984162214452,0.4080470102973708,0.04172158172720303,-0.005168984162214452,0.3843395386199917,0.27673652848237285,0.19897979552705636,-0.6132910321682996,0.09321470065439952,2.25650269625989,0.11522055141685149,0.0,0.10872796248193972,1.0253729822989466,0.15038516144020486,-0.015679289676034935,0.4080470102973708,0.879936658080027,0.36044886762009853,1.2915366749114352,2.25650269625989,1.3863388940240893,1.0253729822989466,-0.024342375192428347,23.15999984741211,0.18972161949301303,0.7446382942632271
2024-11-30,6032.3798828125,19218.169921875,13.510000228881836,138.19520568847656,96449.0546875,0.057301295482098835,0.3206314069679761,0.02816008264831993,0.0,0.062061906478093176,0.3508978696562499,0.035742425551518825,0.0,-0.4166666529407841,0.045665646215470534,0.2204833599096405,-0.7744197634569197,0.041352932180919844,1.9568489286036974,0.1160779845499137,0.0,0.3736209803256596,1.5574657026496452,0.1742479954508395,0.0,0.3508978696562499,0.6328772417676636,0.3206314069679761,1.0280628641403144,1.9568489286036974,1.000115572857732,1.5574657026496452,0.29529644867933985,13.510000228881836,-1.011791020963876,0.38891222129623476
2024-12-31,5881.6298828125,19310.7890625,17.350000381469727,134.2460174560547,93429.203125,-0.02499013704848363,0.23309002343424012,0.03058203218517519,-0.02499013704848363,0.0048193527792455,0.2864125854773165,0.034946211491846194,0.0,0.2842339072932578,0.3935743491785493,0.23123291541376548,-0.7103022114161426,-0.02857688306006967,1.7124931131302663,0.12151793052167449,-0.02857688306006967,-0.03131032825862812,1.21054746592571,0.17758795247355835,-0.03131032825862812,0.2864125854773165,0.3757713999008806,0.23309002343424012,0.5214834382958659,1.7124931131302663,0.6929666471718028,1.21054746592571,0.07946821090981915,17.350000381469727,-0.5447827194541757,0.22498139536483852
2025-01-31,6040.52978515625,19627.439453125,16.43000030517578,120.03067016601562,102405.0234375,0.0270163042404441,0.2465881578102782,0.030679488330698165,0.0,0.016397589430455106,0.29434363050979173,0.03480439582482983,0.0,-0.05302593983090231,0.14494772602180395,0.23087914416030747,-0.7256637089227356,-0.10589027190093325,0.9520542145051569,0.12409352122991624,-0.13144114104369098,0.09607082167329573,1.4048557459137099,0.17609555886666817,0.0,0.29434363050979173,0.4052157429210682,0.2465881578102782,0.5943544370025418,0.9520542145051569,-0.20320525395299308,1.4048557459137099,0.20194941063973657,16.43000030517578,-0.6531390697015127,0.06903505338176816
2025-02-28,5954.5,18847.279296875,19.6299991607666,124.87908172607422,84373.0078125,-0.014242092699825126,0.16840355341840563,0.030182683780463498,-0.014242092699825126,-0.03974844289359336,0.17122626687039544,0.03669143716317386,-0.03974844289359336,0.19476559927894566,0.4649253522083041,0.23257421118574137,-0.6722324367871089,0.0403931058066469,0.5794747947367538,0.10251486312947392,-0.09635735115456845,-0.17608526437187266,0.37868034962627295,0.15312174381230242,-0.17608526437187266,0.17122626687039544,-0.09890212836692241,0.16840355341840563,0.12435695948578089,0.5794747947367538,-0.6355071031550822,0.37868034962627295,-0.41900383002255304,19.6299991607666,-0.22161540118384243,-0.2501343006485238
2025-03-31,5611.85009765625,17299.2890625,22.280000686645508,108.35446166992188,82548.9140625,-0.05754469768137538,0.06803886177273677,0.03580551798080228,-0.07096723346243894,-0.0821333525116098,0.05615747428524198,0.045900649776991216,-0.11861712253323609,0.1349975363817293,0.7125288466317266,0.23177166751756278,-0.6279846232475259,-0.13232496449965547,0.19987171842396823,0.10887154667350782,-0.21593183258341475,-0.021619399346929025,0.1572226553759748,0.14830595116837184,-0.19389780606923657,0.05615747428524198,-0.5737831179399653,0.06803886177273677,-0.4894811860325695,0.19987171842396823,-1.0692371891531143,0.1572226553759748,-0.5496246986046405,22.280000686645508,0.23180763824442074,-0.4900637106971738
2025-04-30,5569.06005859375,17446.33984375,24.700000762939453,108.89433288574219,94207.3125,-0.007624943346289825,0.10591798212233705,0.032916527666414855,-0.07805105567413484,0.008500394479722617,0.11422531971593664,0.043164480450387156,-0.1111250203870956,0.10861759433178464,0.5782748476040593,0.2285150396683812,-0.5875772079702396,0.004982454875415376,0.2610330913223806,0.10715539399096272,-0.21202524832001202,0.14123018539860022,0.5536312325521395,0.14135149235403593,-0.08005184377017638,0.11422531971593664,-0.337584624035291,0.10591798212233705,-0.2767139760301953,0.2610330913223806,-0.9855424367527188,0.5536312325521395,-0.30622368109878734,24.700000762939453,0.6594216365245976,-0.24932861627847897
2025-05-31,5911.68994140625,19113.76953125,18.56999969482422,135.09817504882812,104638.09375,0.06152382614078289,0.12016655656650332,0.03456415675012376,-0.021329229112751924,0.09557475679331917,0.14214205101810973,0.04700659615117646,-0.02617101039092573,-0.24817817322956737,0.43730646944012674,0.23637791165027433,-0.6899315430944233,0.24063549928333217,0.23297194652002484,0.10145959721016809,-0.02241055052683849,0.11072156686350643,0.5503911898052773,0.1412526905765351,0.0,0.14214205101810973,-0.21454326611877164,0.12016655656650332,-0.1923480034512607,0.23297194652002484,-0.985828819529474,0.5503911898052773,-0.31341765686249023,18.56999969482422,-0.3165127854400343,-0.4045301062804062
2025-06-30,6204.9501953125,20369.73046875,16.729999542236328,157.96376037597656,107135.3359375,0.049606839467715824,0.13633787093929461,0.03577911032698668,0.0,0.06570974581683475,0.14871654001485402,0.04759578509272429,0.0,-0.09908455481023681,0.3448553140321604,0.23930871627547445,-0.7206545381076095,0.16925162252476178,0.27926117980471954,0.10606390278301077,0.0,0.023865516830480216,0.70928930676072,0.13668777210012845,0.0,0.14871654001485402,-0.18034361320422646,0.13633787093929461,-0.10348371374975572,0.27926117980471954,-0.9065823631083759,0.70928930676072,-0.2257808243389546,16.729999542236328,-0.5932870200272131,-0.4018955068857052
2025-07-31,6339.39013671875,21122.44921875,16.719999313354492,177.84043884277344,115758.203125,0.0216665625306407,0.14796196529164862,0.03590430031296269,0.0,0.036952808538864845,0.2001800487476657,0.047614023010523976,0.0,-0.0005977423284794225,0.02200480987605502,0.2248005336702588,-0.7208215147144512,0.12583062355243713,0.5204767859529531,0.10658883485648675,0.0,0.08048574368152783,0.7913888373046731,0.1366912406973186,0.0,0.2001800487476657,0.03819682310895394,0.14796196529164862,-0.038346304059153596,0.5204767859529531,-0.610770270192125,0.7913888373046731,-0.18255934765655876,16.719999313354492,-0.5741521741318516,-0.27352625458614704
2025-08-31,6460.259765625,21455.55078125,15.359999656677246,174.1510467529297,108236.7109375,0.019066444295036122,0.14373271675477084,0.035818770519139655,0.0,0.015770025485695616,0.21124602549702165,0.0475144259095645,0.0,-0.08133969572540567,0.02399997711181645,0.2247215415619192,-0.7435298077606574,-0.020745518363826654,0.45962141570256776,0.10794391279673544,-0.020745518363826654,-0.06497588926270748,0.8354569671205396,0.13466328425642626,-0.06497588926270748,0.21124602549702165,0.1031237104468775,0.14373271675477084,-0.05868302840239078,0.45962141570256776,-0.6545554072909034,0.8354569671205396,-0.1621185352260068,15.359999656677246,-0.7750265259119202,-0.30945195727686875
2025-09-30,6688.4599609375,22660.009765625,16.280000686645508,186.55950927734375,114056.0859375,0.035323687218701494,0.1606912273200516,0.036401056923626794,0.0,0.05613740689554225,0.2457968045244987,0.048793989174341364,0.0,0.05989590172733639,-0.026897720735422626,0.2233047551325242,-0.7281682943302987,0.07125115097366086,0.5368370482093163,0.10816885982680129,0.0,0.053765260876786236,0.8009945750005922,0.13459340267243697,-0.014704074022831803,0.2457968045244987,0.2585279280724983,0.1606912273200516,0.04084845920058169,0.5368370482093163,-0.5409209580304846,0.8009945750005922,-0.18896089881781994,16.280000686645508,-0.5957234391999152,-0.20524578175502795
2025-10-31,6840.2001953125,23724.9609375,17.440000534057617,202.4677734375,109556.1640625,0.0226868719049238,0.19888877497034163,0.03573889594449714,0.0,0.04699694231776186,0.31112261712905,0.04871302292923606,0.0,0.07125305887509326,-0.2469775194749685,0.19345870471367285,-0.7087994538020984,0.08527179462348733,0.5256709412666967,0.10784822937962256,0.0,-0.039453588451788923,0.560291554622709,0.1362905219998006,-0.053577533989559334,0.31112261712905,0.5318289926877644,0.19888877497034163,0.26007931121142464,0.5256709412666967,-0.5352587669926266,0.560291554622709,-0.3389793126064208,17.440000534057617,-0.37216295687621004,-0.0908985465152137
2025-11-30,6849.08984375,23365.689453125,16.350000381469727,176.98056030273438,90394.3125,0.0012996181666717899,0.13538768724835704,0.033409692513845846,0.0,-0.01514318549655147,0.21581240815906733,0.0483142573186544,-0.01514318549655147,-0.0625000068353948,0.21021466354356577,0.14591254086619176,-0.7269994899299379,-0.1258828143464189,0.28065629643975365,0.11810892571352957,-0.1258828143464189,-0.1749043673304268,-0.06277658404343811,0.10453202752270213,-0.21911095663441782,0.21581240815906733,0.1480909332760429,0.13538768724835704,-0.12304570115077325,0.28065629643975365,-0.7966170162389663,-0.06277658404343811,-0.7059123276274276,16.350000381469727,-0.56021569805043,-0.40753996195831094
2025-12-31,6845.5,23241.990234375,14.949999809265137,186.4899139404297,87508.828125,-0.0005241344225139777,0.1638780638006745,0.031706931664589745,-0.0005241344225139777,-0.005294053873229787,0.20357537743028198,0.04864239545403657,-0.020357070529950172,-0.08562694431440387,-0.13832856019806528,0.12372572870586675,-0.750375689403511,0.0537310630129606,0.38916533595849123,0.11697141284666365,-0.07891556876335448,-0.031921083253993454,-0.06336749968935373,0.10454870784743567,-0.24403778079982186,0.20357537743028198,0.11405074248473426,0.1638780638006745,0.04950101057110137,0.38916533595849123,-0.6518424589654676,-0.06336749968935373,-0.6802900404539448,14.949999809265137,-0.7938667976141109,-0.3924895087955375
2026-01-31,6939.02978515625,23461.8203125,17.440000534057617,191.11965942382812,78621.1171875,0.013662958900920286,0.148745231288808,0.031410428385364536,0.0,0.009458315570577636,0.19535818049687093,0.04868681081591608,-0.011091298556537454,0.16655523455253318,0.061472928187570774,0.131952286350819,-0.7087994538020984,0.02482571515839349,0.5922568720102004,0.10855623313495265,-0.05604898903664257,-0.10156359224471101,-0.2322533158201544,0.10356046305889378,-0.3208160193830756,0.19535818049687093,0.09657494708402559,0.148745231288808,-0.04193660080107069,0.5922568720102004,-0.4033578859576299,-0.2322533158201544,-0.7588678742068087,17.440000534057617,-0.3026393803233166,-0.28204535884096005
2026-02-28,6878.8798828125,22668.2109375,19.860000610351562,177.180419921875,66995.859375,-0.008668344740704326,0.15524055467503572,0.031024729645312898,-0.008668344740704326,-0.03382556700330619,0.2027312048831651,0.04809598790180163,-0.0445416960973658,0.1387614680153284,0.011716834407443644,0.1257945828821816,-0.6683920385248121,-0.07293461878268304,0.4188158454794313,0.11377553104776132,-0.12489569617078333,-0.14786431722631777,-0.2059562517448329,0.09986662468998803,-0.4212430949480497,0.2027312048831651,0.1556873069227731,0.15524055467503572,0.011113541098409497,0.4188158454794313,-0.5914684792674157,-0.2059562517448329,-0.7192480257326599,19.860000610351562,0.20395400613269463,-0.1879923301692397
2026-03-31,6528.52001953125,21590.630859375,25.25,174.39999389648438,68233.3125,-0.050932690968577,0.1633454040865847,0.029697187851053908,-0.05915953358539394,-0.047537058883741046,0.2480646332557923,0.04233402739619859,-0.0899613737509447,0.27139975951657447,0.13330337620387467,0.14321443141355733,-0.5783937175266647,-0.015692625780075575,0.6095321891566934,0.10258319778472755,-0.13862838052930881,0.01847059111628857,-0.17341962308142866,0.10027118230938013,-0.41055311279910645,0.2480646332557923,0.40991193074602805,0.1633454040865847,0.10348678896769561,0.6095321891566934,-0.3618009899553973,-0.17341962308142866,-0.7675244383498675,25.25,1.2533933756466127,0.1274933334110143
2026-04-30,7209.009765625,24892.310546875,16.889999389648438,199.57000732421875,76304.3203125,0.10423338582985764,0.2944751340040954,0.03877246589775744,0.0,0.15292187194550433,0.42679271238617167,0.0569473276251918,0.0,-0.3310891330832302,-0.3161943778159454,0.17184848376380182,-0.7179829760932047,0.14432347654022348,0.832694154374575,0.10548158636863862,-0.014312233814216202,0.1182854461667826,-0.19003824344845843,0.09727827232766716,-0.3408301247549276,0.42679271238617167,1.2697803320330674,0.2944751340040954,0.9796886779574054,0.832694154374575,-0.09890816939498046,-0.19003824344845843,-0.8190949066119336,16.889999389648438,-0.4024061876311875,0.18581194927047423
2026-05-31,7473.47021484375,26343.970703125,16.780000686645508,215.3300018310547,76652.140625,0.03668471229984838,0.26418507887204745,0.03712253629563574,0.0,0.05831761392805879,0.3782718610295057,0.05407838466159436,0.0,-0.006512652870215407,-0.09639197833038282,0.15565456377000556,-0.7198196550734008,0.0789697546146424,0.5938779465616661,0.08886215069077016,0.0,0.004558330525395116,-0.26745473012786036,0.08953001457876456,-0.3378254105911771,0.3782718610295057,1.0541662888341163,0.26418507887204745,0.806446883758503,0.5938779465616661,-0.37063227562561346,-0.26745473012786036,-0.872254251839941,16.780000686645508,-0.42432360728585256,0.038680607568242466
